Afghanistan,1978,4.99,FEMALE,ADULT
Afghanistan,1978,11.10,FEMALE,YOUTH
Afghanistan,1978,30.30,MALE,ADULT
Afghanistan,1978,45.80,MALE,YOUTH
Afghanistan,2010,13.00,FEMALE,ADULT
Albania,2000,98.30,FEMALE,ADULT
Albania,2000,99.20,MALE,ADULT
Albania,2000,99.40,MALE,YOUTH
Albania,2000,99.50,FEMALE,YOUTH
Albania,2007,94.70,FEMALE,ADULT
Albania,2007,97.30,MALE,ADULT
Albania,2007,98.50,MALE,YOUTH
Albania,2007,99.10,FEMALE,YOUTH
Albania,2010,95.70,FEMALE,ADULT
Albania,2010,98.00,MALE,ADULT
Albania,2010,98.70,MALE,YOUTH
Albania,2010,98.90,FEMALE,YOUTH
Algeria,1986,35.80,FEMALE,ADULT
Algeria,1986,62.20,FEMALE,YOUTH
Algeria,1986,63.40,MALE,ADULT
Algeria,1986,86.20,MALE,YOUTH
Algeria,2001,60.10,FEMALE,ADULT
Algeria,2001,79.60,MALE,ADULT
Algeria,2001,86.10,FEMALE,YOUTH
Algeria,2001,94.10,MALE,YOUTH
Algeria,2005,63.90,FEMALE,ADULT
Algeria,2005,81.30,MALE,ADULT
Algeria,2005,89.10,FEMALE,YOUTH
Algeria,2005,94.40,MALE,YOUTH
Angola,2000,54.20,FEMALE,ADULT
Angola,2000,63.20,FEMALE,YOUTH
Angola,2000,82.90,MALE,ADULT
Angola,2000,83.80,MALE,YOUTH
Angola,2010,58.60,FEMALE,ADULT
Angola,2010,66.10,FEMALE,YOUTH
Angola,2010,80.10,MALE,YOUTH
Angola,2010,82.60,MALE,ADULT
Anguilla,1983,95.10,MALE,ADULT
Anguilla,1983,95.70,FEMALE,ADULT
Anguilla,1983,99.10,FEMALE,YOUTH
Anguilla,1983,99.10,MALE,YOUTH
Antigua and Barbuda,2000,98.40,MALE,ADULT
Antigua and Barbuda,2000,99.40,FEMALE,ADULT
Antigua and Barbuda,2010,98.40,MALE,ADULT
Antigua and Barbuda,2010,99.40,FEMALE,ADULT
Argentina,1979,93.60,FEMALE,ADULT
Argentina,1979,94.30,MALE,ADULT
Argentina,1979,96.50,MALE,YOUTH
Argentina,1979,97.30,FEMALE,YOUTH
Argentina,1990,96.00,FEMALE,ADULT
Argentina,1990,96.20,MALE,ADULT
Argentina,1990,98.10,MALE,YOUTH
Argentina,1990,98.50,FEMALE,YOUTH
Argentina,2000,97.20,FEMALE,ADULT
Argentina,2000,97.20,MALE,ADULT
Argentina,2000,98.70,MALE,YOUTH
Argentina,2000,99.10,FEMALE,YOUTH
Argentina,2010,97.80,MALE,ADULT
Argentina,2010,97.90,FEMALE,ADULT
Argentina,2010,99.00,MALE,YOUTH
Argentina,2010,99.40,FEMALE,YOUTH
Armenia,1988,98.20,FEMALE,ADULT
Armenia,1988,99.40,MALE,ADULT
Armenia,1988,99.90,FEMALE,YOUTH
Armenia,1988,99.90,MALE,YOUTH
Armenia,2000,99.20,FEMALE,ADULT
Armenia,2000,99.70,MALE,ADULT
Armenia,2000,99.80,MALE,YOUTH
Armenia,2000,99.90,FEMALE,YOUTH
Armenia,2010,99.50,FEMALE,ADULT
Armenia,2010,99.70,MALE,ADULT
Armenia,2010,99.70,MALE,YOUTH
Armenia,2010,99.80,FEMALE,YOUTH
Aruba,1999,97.10,FEMALE,ADULT
Aruba,1999,97.50,MALE,ADULT
Aruba,1999,98.90,MALE,YOUTH
Aruba,1999,99.20,FEMALE,YOUTH
Aruba,2009,96.70,FEMALE,ADULT
Aruba,2009,96.90,MALE,ADULT
Aruba,2009,99.00,MALE,YOUTH
Aruba,2009,99.30,FEMALE,YOUTH
Azerbaijan,1998,98.20,FEMALE,ADULT
Azerbaijan,1998,99.50,MALE,ADULT
Azerbaijan,1998,99.90,FEMALE,YOUTH
Azerbaijan,1998,99.90,MALE,YOUTH
Azerbaijan,2006,99.40,FEMALE,ADULT
Azerbaijan,2006,99.80,MALE,ADULT
Azerbaijan,2006,100.00,FEMALE,YOUTH
Azerbaijan,2006,100.00,MALE,YOUTH
Azerbaijan,2008,99.70,FEMALE,ADULT
Azerbaijan,2008,99.80,MALE,ADULT
Azerbaijan,2008,100.00,FEMALE,YOUTH
Azerbaijan,2008,100.00,MALE,YOUTH
Bahrain,1980,58.60,FEMALE,ADULT
Bahrain,1980,76.50,MALE,ADULT
Bahrain,1980,82.10,FEMALE,YOUTH
Bahrain,1980,89.70,MALE,YOUTH
Bahrain,1990,76.90,FEMALE,ADULT
Bahrain,1990,88.50,MALE,ADULT
Bahrain,1990,96.60,FEMALE,YOUTH
Bahrain,1990,97.30,MALE,YOUTH
Bahrain,2000,83.60,FEMALE,ADULT
Bahrain,2000,88.50,MALE,ADULT
Bahrain,2000,96.80,MALE,YOUTH
Bahrain,2000,97.30,FEMALE,YOUTH
Bahrain,2009,91.60,FEMALE,ADULT
Bahrain,2009,96.10,MALE,ADULT
Bahrain,2009,97.60,FEMALE,YOUTH
Bahrain,2009,98.60,MALE,YOUTH
Bangladesh,1980,18.00,FEMALE,ADULT
Bangladesh,1980,27.10,FEMALE,YOUTH
Bangladesh,1980,39.70,MALE,ADULT
Bangladesh,1980,44.40,MALE,YOUTH
Bangladesh,1990,25.80,FEMALE,ADULT
Bangladesh,1990,38.00,FEMALE,YOUTH
Bangladesh,1990,44.30,MALE,ADULT
Bangladesh,1990,51.70,MALE,YOUTH
Bangladesh,2000,40.80,FEMALE,ADULT
Bangladesh,2000,53.90,MALE,ADULT
Bangladesh,2000,60.30,FEMALE,YOUTH
Bangladesh,2000,67.20,MALE,YOUTH
Bangladesh,2010,53.40,FEMALE,ADULT
Bangladesh,2010,62.00,MALE,ADULT
Bangladesh,2010,77.10,MALE,YOUTH
Bangladesh,2010,80.40,FEMALE,YOUTH
Belarus,1988,96.60,FEMALE,ADULT
Belarus,1988,99.40,MALE,ADULT
Belarus,1988,99.70,MALE,YOUTH
Belarus,1988,99.80,FEMALE,YOUTH
Belarus,1998,99.40,FEMALE,ADULT
Belarus,1998,99.80,FEMALE,YOUTH
Belarus,1998,99.80,MALE,ADULT
Belarus,1998,99.80,MALE,YOUTH
Belarus,2008,99.50,FEMALE,ADULT
Belarus,2008,99.80,FEMALE,YOUTH
Belarus,2008,99.80,MALE,ADULT
Belarus,2008,99.80,MALE,YOUTH
Belize,1990,70.30,FEMALE,ADULT
Belize,1990,70.30,MALE,ADULT
Belize,1990,76.10,MALE,YOUTH
Belize,1990,76.70,FEMALE,YOUTH
Benin,1978,9.54,FEMALE,ADULT
Benin,1978,18.30,FEMALE,YOUTH
Benin,1978,25.20,MALE,ADULT
Benin,1978,45.70,MALE,YOUTH
Benin,1991,16.60,FEMALE,ADULT
Benin,1991,26.70,FEMALE,YOUTH
Benin,1991,39.90,MALE,ADULT
Benin,1991,55.10,MALE,YOUTH
Benin,2001,23.30,FEMALE,ADULT
Benin,2001,33.20,FEMALE,YOUTH
Benin,2001,47.90,MALE,ADULT
Benin,2001,59.20,MALE,YOUTH
Benin,2005,18.40,FEMALE,ADULT
Benin,2005,30.80,FEMALE,YOUTH
Benin,2005,40.60,MALE,ADULT
Benin,2005,54.90,MALE,YOUTH
Bhutan,2004,38.70,FEMALE,ADULT
Bhutan,2004,65.00,MALE,ADULT
Bhutan,2004,68.00,FEMALE,YOUTH
Bhutan,2004,80.00,MALE,YOUTH
Bolivia,1975,51.40,FEMALE,ADULT
Bolivia,1975,75.80,FEMALE,YOUTH
Bolivia,1975,75.80,MALE,ADULT
Bolivia,1975,91.50,MALE,YOUTH
Bolivia,1991,72.30,FEMALE,ADULT
Bolivia,1991,88.20,MALE,ADULT
Bolivia,1991,91.60,FEMALE,YOUTH
Bolivia,1991,96.30,MALE,YOUTH
Bolivia,2000,80.70,FEMALE,ADULT
Bolivia,2000,93.10,MALE,ADULT
Bolivia,2000,96.10,FEMALE,YOUTH
Bolivia,2000,98.50,MALE,YOUTH
Bolivia,2006,86.00,FEMALE,ADULT
Bolivia,2006,96.00,MALE,ADULT
Bolivia,2006,99.10,FEMALE,YOUTH
Bolivia,2006,99.80,MALE,YOUTH
Bolivia,2007,86.80,FEMALE,ADULT
Bolivia,2007,95.00,MALE,ADULT
Bolivia,2007,98.90,FEMALE,YOUTH
Bolivia,2007,99.40,MALE,YOUTH
Bolivia,2008,86.80,FEMALE,ADULT
Bolivia,2008,95.80,MALE,ADULT
Bolivia,2008,99.10,FEMALE,YOUTH
Bolivia,2008,99.70,MALE,YOUTH
Bosnia and Herzegovina,1999,94.40,FEMALE,ADULT
Bosnia and Herzegovina,1999,99.00,MALE,ADULT
Bosnia and Herzegovina,1999,99.80,FEMALE,YOUTH
Bosnia and Herzegovina,1999,99.80,MALE,YOUTH
Bosnia and Herzegovina,2010,96.70,FEMALE,ADULT
Bosnia and Herzegovina,2010,99.50,MALE,ADULT
Bosnia and Herzegovina,2010,99.70,FEMALE,YOUTH
Bosnia and Herzegovina,2010,99.70,MALE,YOUTH
Botswana,1990,65.40,MALE,ADULT
Botswana,1990,71.30,FEMALE,ADULT
Botswana,1990,85.90,MALE,YOUTH
Botswana,1990,92.30,FEMALE,YOUTH
Botswana,2002,80.40,MALE,ADULT
Botswana,2002,81.80,FEMALE,ADULT
Botswana,2002,92.10,MALE,YOUTH
Botswana,2002,95.60,FEMALE,YOUTH
Botswana,2010,84.60,MALE,ADULT
Botswana,2010,85.60,FEMALE,ADULT
Botswana,2010,93.50,MALE,YOUTH
Botswana,2010,97.00,FEMALE,YOUTH
Brazil,1979,72.80,FEMALE,ADULT
Brazil,1979,76.40,MALE,ADULT
Brazil,1979,82.60,MALE,YOUTH
Brazil,1979,85.20,FEMALE,YOUTH
Brazil,1999,86.20,MALE,ADULT
Brazil,1999,86.50,FEMALE,ADULT
Brazil,1999,92.70,MALE,YOUTH
Brazil,1999,95.70,FEMALE,YOUTH
Brazil,2003,88.40,MALE,ADULT
Brazil,2003,88.80,FEMALE,ADULT
Brazil,2003,95.80,MALE,YOUTH
Brazil,2003,97.90,FEMALE,YOUTH
Brazil,2005,89.30,MALE,ADULT
Brazil,2005,89.90,FEMALE,ADULT
Brazil,2005,96.80,MALE,YOUTH
Brazil,2005,98.40,FEMALE,YOUTH
Brazil,2006,89.80,MALE,ADULT
Brazil,2006,90.20,FEMALE,ADULT
Brazil,2006,97.10,MALE,YOUTH
Brazil,2006,98.60,FEMALE,YOUTH
Brazil,2007,89.80,MALE,ADULT
Brazil,2007,90.20,FEMALE,ADULT
Brazil,2007,97.20,MALE,YOUTH
Brazil,2007,98.50,FEMALE,YOUTH
Brazil,2008,90.20,MALE,ADULT
Brazil,2008,90.40,FEMALE,ADULT
Brazil,2008,97.50,MALE,YOUTH
Brazil,2008,98.70,FEMALE,YOUTH
Brazil,2009,90.10,MALE,ADULT
Brazil,2009,90.70,FEMALE,ADULT
Brazil,2009,96.70,MALE,YOUTH
Brazil,2009,98.30,FEMALE,YOUTH
Brunei,1980,69.00,FEMALE,ADULT
Brunei,1980,85.20,MALE,ADULT
Brunei,1980,93.20,FEMALE,YOUTH
Brunei,1980,94.10,MALE,YOUTH
Brunei,1990,82.50,FEMALE,ADULT
Brunei,1990,92.50,MALE,ADULT
Brunei,1990,98.10,FEMALE,YOUTH
Brunei,1990,98.10,MALE,YOUTH
Brunei,2000,90.20,FEMALE,ADULT
Brunei,2000,95.20,MALE,ADULT
Brunei,2000,98.90,FEMALE,YOUTH
Brunei,2000,98.90,MALE,YOUTH
Brunei,2010,93.90,FEMALE,ADULT
Brunei,2010,97.00,MALE,ADULT
Brunei,2010,99.70,FEMALE,YOUTH
Brunei,2010,99.80,MALE,YOUTH
Bulgaria,2000,97.70,FEMALE,ADULT
Bulgaria,2000,98.10,FEMALE,YOUTH
Bulgaria,2000,98.30,MALE,YOUTH
Bulgaria,2000,98.70,MALE,ADULT
Bulgaria,2010,97.70,FEMALE,YOUTH
Bulgaria,2010,98.00,FEMALE,ADULT
Bulgaria,2010,98.10,MALE,YOUTH
Bulgaria,2010,98.80,MALE,ADULT
Burkina Faso,1974,3.18,FEMALE,ADULT
Burkina Faso,1974,6.66,FEMALE,YOUTH
Burkina Faso,1974,14.50,MALE,ADULT
Burkina Faso,1974,22.40,MALE,YOUTH
Burkina Faso,1990,8.22,FEMALE,ADULT
Burkina Faso,1990,14.20,FEMALE,YOUTH
Burkina Faso,1990,19.60,MALE,ADULT
Burkina Faso,1990,26.80,MALE,YOUTH
Burkina Faso,1995,8.06,FEMALE,ADULT
Burkina Faso,1995,14.00,FEMALE,YOUTH
Burkina Faso,1995,18.50,MALE,ADULT
Burkina Faso,1995,25.50,MALE,YOUTH
Burkina Faso,2002,15.20,FEMALE,ADULT
Burkina Faso,2002,24.80,FEMALE,YOUTH
Burkina Faso,2002,29.40,MALE,ADULT
Burkina Faso,2002,38.40,MALE,YOUTH
Burkina Faso,2004,16.60,FEMALE,ADULT
Burkina Faso,2004,26.50,FEMALE,YOUTH
Burkina Faso,2004,31.40,MALE,ADULT
Burkina Faso,2004,40.40,MALE,YOUTH
Burkina Faso,2006,21.60,FEMALE,ADULT
Burkina Faso,2006,33.10,FEMALE,YOUTH
Burkina Faso,2006,36.70,MALE,ADULT
Burkina Faso,2006,46.70,MALE,YOUTH
Burundi,1978,12.00,FEMALE,ADULT
Burundi,1978,21.50,FEMALE,YOUTH
Burundi,1978,34.30,MALE,ADULT
Burundi,1978,40.90,MALE,YOUTH
Burundi,1989,27.50,FEMALE,ADULT
Burundi,1989,48.00,FEMALE,YOUTH
Burundi,1989,48.20,MALE,ADULT
Burundi,1989,59.50,MALE,YOUTH
Burundi,1999,52.20,FEMALE,ADULT
Burundi,1999,67.30,MALE,ADULT
Burundi,1999,70.40,FEMALE,YOUTH
Burundi,1999,76.80,MALE,YOUTH
Burundi,2007,84.60,FEMALE,ADULT
Burundi,2007,88.10,FEMALE,YOUTH
Burundi,2007,88.80,MALE,ADULT
Burundi,2007,89.60,MALE,YOUTH
Cambodia,1997,57.00,FEMALE,ADULT
Cambodia,1997,71.10,FEMALE,YOUTH
Cambodia,1997,79.50,MALE,ADULT
Cambodia,1997,81.80,MALE,YOUTH
Cambodia,2003,64.00,FEMALE,ADULT
Cambodia,2003,78.90,FEMALE,YOUTH
Cambodia,2003,84.70,MALE,ADULT
Cambodia,2003,87.90,MALE,YOUTH
Cambodia,2007,70.90,FEMALE,ADULT
Cambodia,2007,85.10,MALE,ADULT
Cambodia,2007,85.50,FEMALE,YOUTH
Cambodia,2007,89.40,MALE,YOUTH
Cambodia,2008,65.90,FEMALE,ADULT
Cambodia,2008,82.80,MALE,ADULT
Cambodia,2008,85.90,FEMALE,YOUTH
Cambodia,2008,88.40,MALE,YOUTH
Cameroon,1975,29.10,FEMALE,ADULT
Cameroon,1975,54.60,MALE,ADULT
Cameroon,1975,59.10,FEMALE,YOUTH
Cameroon,1975,79.60,MALE,YOUTH
Cameroon,1999,58.70,FEMALE,ADULT
Cameroon,1999,78.00,FEMALE,YOUTH
Cameroon,1999,79.20,MALE,ADULT
Cameroon,1999,88.40,MALE,YOUTH
Cameroon,2006,63.00,FEMALE,ADULT
Cameroon,2006,77.50,FEMALE,YOUTH
Cameroon,2006,79.00,MALE,ADULT
Cameroon,2006,89.40,MALE,YOUTH
Cameroon,2009,64.80,FEMALE,ADULT
Cameroon,2009,76.40,FEMALE,YOUTH
Cameroon,2009,78.30,MALE,ADULT
Cameroon,2009,85.40,MALE,YOUTH
Cape Verde,1989,53.00,FEMALE,ADULT
Cape Verde,1989,74.80,MALE,ADULT
Cape Verde,1989,86.40,FEMALE,YOUTH
Cape Verde,1989,90.00,MALE,YOUTH
Cape Verde,2003,74.10,FEMALE,ADULT
Cape Verde,2003,86.40,MALE,ADULT
Cape Verde,2003,96.20,MALE,YOUTH
Cape Verde,2003,98.00,FEMALE,YOUTH
Cape Verde,2010,80.30,FEMALE,ADULT
Cape Verde,2010,89.80,MALE,ADULT
Cape Verde,2010,97.70,MALE,YOUTH
Cape Verde,2010,99.30,FEMALE,YOUTH
Cayman Islands,2006,98.60,FEMALE,YOUTH
Cayman Islands,2006,98.70,MALE,ADULT
Cayman Islands,2006,99.00,FEMALE,ADULT
Cayman Islands,2006,99.10,MALE,YOUTH
Central African Republic,1974,8.40,FEMALE,ADULT
Central African Republic,1974,18.00,FEMALE,YOUTH
Central African Republic,1974,29.60,MALE,ADULT
Central African Republic,1974,54.00,MALE,YOUTH
Central African Republic,1987,20.30,FEMALE,ADULT
Central African Republic,1987,34.90,FEMALE,YOUTH
Central African Republic,1987,48.00,MALE,ADULT
Central African Republic,1987,62.60,MALE,YOUTH
Central African Republic,1999,35.30,FEMALE,ADULT
Central African Republic,1999,49.00,FEMALE,YOUTH
Central African Republic,1999,66.80,MALE,ADULT
Central African Republic,1999,72.60,MALE,YOUTH
Central African Republic,2010,44.20,FEMALE,ADULT
Central African Republic,2010,59.10,FEMALE,YOUTH
Central African Republic,2010,69.60,MALE,ADULT
Central African Republic,2010,72.30,MALE,YOUTH
Chad,1992,4.59,FEMALE,ADULT
Chad,1992,8.95,FEMALE,YOUTH
Chad,1992,18.30,MALE,ADULT
Chad,1992,26.30,MALE,YOUTH
Chad,1999,12.80,FEMALE,ADULT
Chad,1999,23.20,FEMALE,YOUTH
Chad,1999,40.80,MALE,ADULT
Chad,1999,55.70,MALE,YOUTH
Chad,2003,18.00,FEMALE,ADULT
Chad,2003,30.80,FEMALE,YOUTH
Chad,2003,39.40,MALE,ADULT
Chad,2003,53.70,MALE,YOUTH
Chad,2010,25.40,FEMALE,ADULT
Chad,2010,42.20,FEMALE,YOUTH
Chad,2010,45.60,MALE,ADULT
Chad,2010,53.60,MALE,YOUTH
Chile,1981,90.80,FEMALE,ADULT
Chile,1981,91.50,MALE,ADULT
Chile,1981,96.20,MALE,YOUTH
Chile,1981,97.10,FEMALE,YOUTH
Chile,1991,94.00,FEMALE,ADULT
Chile,1991,94.60,MALE,ADULT
Chile,1991,98.20,MALE,YOUTH
Chile,1991,98.70,FEMALE,YOUTH
Chile,2001,95.60,FEMALE,ADULT
Chile,2001,95.80,MALE,ADULT
Chile,2001,98.80,MALE,YOUTH
Chile,2001,99.20,FEMALE,YOUTH
Chile,2007,98.60,MALE,ADULT
Chile,2007,98.70,FEMALE,ADULT
Chile,2007,99.10,MALE,YOUTH
Chile,2007,99.20,FEMALE,YOUTH
Chile,2008,98.50,FEMALE,ADULT
Chile,2008,98.60,MALE,ADULT
Chile,2008,98.90,FEMALE,YOUTH
Chile,2008,98.90,MALE,YOUTH
China,1981,51.10,FEMALE,ADULT
China,1981,79.20,MALE,ADULT
China,1981,82.10,FEMALE,YOUTH
China,1981,95.20,MALE,YOUTH
China,1989,68.10,FEMALE,ADULT
China,1989,87.00,MALE,ADULT
China,1989,91.50,FEMALE,YOUTH
China,1989,97.00,MALE,YOUTH
China,1999,86.50,FEMALE,ADULT
China,1999,95.10,MALE,ADULT
China,1999,98.50,FEMALE,YOUTH
China,1999,99.20,MALE,YOUTH
China,2009,92.70,FEMALE,ADULT
China,2009,97.50,MALE,ADULT
China,2009,99.60,FEMALE,YOUTH
China,2009,99.70,MALE,YOUTH
Colombia,1992,81.20,FEMALE,ADULT
Colombia,1992,81.50,MALE,ADULT
Colombia,1992,89.40,MALE,YOUTH
Colombia,1992,91.80,FEMALE,YOUTH
Colombia,1995,91.10,MALE,ADULT
Colombia,1995,91.30,FEMALE,ADULT
Colombia,1995,96.40,MALE,YOUTH
Colombia,1995,97.60,FEMALE,YOUTH
Colombia,2003,92.70,FEMALE,ADULT
Colombia,2003,92.90,MALE,ADULT
Colombia,2003,97.50,MALE,YOUTH
Colombia,2003,98.40,FEMALE,YOUTH
Colombia,2004,92.80,MALE,ADULT
Colombia,2004,92.90,FEMALE,ADULT
Colombia,2004,97.50,MALE,YOUTH
Colombia,2004,98.40,FEMALE,YOUTH
Colombia,2005,92.20,FEMALE,ADULT
Colombia,2005,92.40,MALE,ADULT
Colombia,2005,97.50,MALE,YOUTH
Colombia,2005,98.20,FEMALE,YOUTH
Colombia,2006,92.40,MALE,ADULT
Colombia,2006,92.80,FEMALE,ADULT
Colombia,2006,97.50,MALE,YOUTH
Colombia,2006,98.40,FEMALE,YOUTH
Colombia,2007,93.30,MALE,ADULT
Colombia,2007,93.40,FEMALE,ADULT
Colombia,2007,97.50,MALE,YOUTH
Colombia,2007,98.40,FEMALE,YOUTH
Colombia,2008,93.10,MALE,ADULT
Colombia,2008,93.40,FEMALE,ADULT
Colombia,2008,97.40,MALE,YOUTH
Colombia,2008,98.40,FEMALE,YOUTH
Colombia,2009,93.30,MALE,ADULT
Colombia,2009,93.50,FEMALE,ADULT
Colombia,2009,97.70,MALE,YOUTH
Colombia,2009,98.50,FEMALE,YOUTH
Colombia,2010,93.50,MALE,ADULT
Colombia,2010,93.70,FEMALE,ADULT
Colombia,2010,97.80,MALE,YOUTH
Colombia,2010,98.70,FEMALE,YOUTH
Comoros,1979,40.30,FEMALE,ADULT
Comoros,1979,54.90,FEMALE,YOUTH
Comoros,1979,56.00,MALE,ADULT
Comoros,1979,69.40,MALE,YOUTH
Comoros,1999,63.50,FEMALE,ADULT
Comoros,1999,74.50,MALE,ADULT
Comoros,1999,77.60,FEMALE,YOUTH
Comoros,1999,84.00,MALE,YOUTH
Comoros,2010,70.60,FEMALE,ADULT
Comoros,2010,80.50,MALE,ADULT
Comoros,2010,85.90,FEMALE,YOUTH
Comoros,2010,86.10,MALE,YOUTH
Costa Rica,1983,92.60,FEMALE,ADULT
Costa Rica,1983,92.70,MALE,ADULT
Costa Rica,1983,96.80,MALE,YOUTH
Costa Rica,1983,97.50,FEMALE,YOUTH
Costa Rica,1999,94.70,MALE,ADULT
Costa Rica,1999,95.10,FEMALE,ADULT
Costa Rica,1999,97.20,MALE,YOUTH
Costa Rica,1999,98.00,FEMALE,YOUTH
Costa Rica,2010,96.00,MALE,ADULT
Costa Rica,2010,96.50,FEMALE,ADULT
Costa Rica,2010,97.90,MALE,YOUTH
Costa Rica,2010,98.70,FEMALE,YOUTH
Cote d'Ivoire,1987,23.40,FEMALE,ADULT
Cote d'Ivoire,1987,37.90,FEMALE,YOUTH
Cote d'Ivoire,1987,44.40,MALE,ADULT
Cote d'Ivoire,1987,59.90,MALE,YOUTH
Cote d'Ivoire,1997,28.50,FEMALE,ADULT
Cote d'Ivoire,1997,39.90,FEMALE,YOUTH
Cote d'Ivoire,1997,44.00,MALE,ADULT
Cote d'Ivoire,1997,54.40,MALE,YOUTH
Cote d'Ivoire,1999,38.60,FEMALE,ADULT
Cote d'Ivoire,1999,52.10,FEMALE,YOUTH
Cote d'Ivoire,1999,60.90,MALE,ADULT
Cote d'Ivoire,1999,70.80,MALE,YOUTH
Cote d'Ivoire,2010,47.60,FEMALE,ADULT
Cote d'Ivoire,2010,62.80,FEMALE,YOUTH
Cote d'Ivoire,2010,65.60,MALE,ADULT
Cote d'Ivoire,2010,72.30,MALE,YOUTH
Croatia,1990,94.80,FEMALE,ADULT
Croatia,1990,98.80,MALE,ADULT
Croatia,1990,99.60,FEMALE,YOUTH
Croatia,1990,99.70,MALE,YOUTH
Croatia,2000,97.10,FEMALE,ADULT
Croatia,2000,99.30,MALE,ADULT
Croatia,2000,99.60,MALE,YOUTH
Croatia,2000,99.70,FEMALE,YOUTH
Croatia,2010,98.30,FEMALE,ADULT
Croatia,2010,99.50,MALE,ADULT
Croatia,2010,99.60,MALE,YOUTH
Croatia,2010,99.70,FEMALE,YOUTH
Cuba,2001,99.80,FEMALE,ADULT
Cuba,2001,99.80,MALE,ADULT
Cuba,2001,100.00,FEMALE,YOUTH
Cuba,2001,100.00,MALE,YOUTH
Cuba,2010,99.80,FEMALE,ADULT
Cuba,2010,99.80,MALE,ADULT
Cuba,2010,100.00,FEMALE,YOUTH
Cuba,2010,100.00,MALE,YOUTH
Cyprus,1991,91.00,FEMALE,ADULT
Cyprus,1991,97.80,MALE,ADULT
Cyprus,1991,99.60,MALE,YOUTH
Cyprus,1991,99.70,FEMALE,YOUTH
Cyprus,2000,95.10,FEMALE,ADULT
Cyprus,2000,98.60,MALE,ADULT
Cyprus,2000,99.70,MALE,YOUTH
Cyprus,2000,99.80,FEMALE,YOUTH
Cyprus,2010,98.10,FEMALE,ADULT
Cyprus,2010,99.30,MALE,ADULT
Cyprus,2010,99.80,FEMALE,YOUTH
Cyprus,2010,99.80,MALE,YOUTH
Dominican Republic,1980,72.50,FEMALE,ADULT
Dominican Republic,1980,73.60,MALE,ADULT
Dominican Republic,1980,81.30,MALE,YOUTH
Dominican Republic,1980,83.90,FEMALE,YOUTH
Dominican Republic,2001,86.80,MALE,ADULT
Dominican Republic,2001,87.20,FEMALE,ADULT
Dominican Republic,2001,93.00,MALE,YOUTH
Dominican Republic,2001,95.40,FEMALE,YOUTH
Dominican Republic,2006,88.20,MALE,ADULT
Dominican Republic,2006,88.30,FEMALE,ADULT
Dominican Republic,2006,94.60,MALE,YOUTH
Dominican Republic,2006,96.90,FEMALE,YOUTH
Dominican Republic,2009,89.40,MALE,ADULT
Dominican Republic,2009,89.70,FEMALE,ADULT
Dominican Republic,2009,95.80,MALE,YOUTH
Dominican Republic,2009,97.90,FEMALE,YOUTH
Dominican Republic,2010,90.00,MALE,ADULT
Dominican Republic,2010,90.20,FEMALE,ADULT
Dominican Republic,2010,96.10,MALE,YOUTH
Dominican Republic,2010,98.00,FEMALE,YOUTH
Ecuador,1981,80.40,FEMALE,ADULT
Ecuador,1981,86.80,MALE,ADULT
Ecuador,1981,92.30,FEMALE,YOUTH
Ecuador,1981,94.50,MALE,YOUTH
Ecuador,1989,86.20,FEMALE,ADULT
Ecuador,1989,90.50,MALE,ADULT
Ecuador,1989,95.80,FEMALE,YOUTH
Ecuador,1989,96.60,MALE,YOUTH
Ecuador,2000,89.70,FEMALE,ADULT
Ecuador,2000,92.30,MALE,ADULT
Ecuador,2000,96.40,MALE,YOUTH
Ecuador,2000,96.50,FEMALE,YOUTH
Ecuador,2006,81.70,FEMALE,ADULT
Ecuador,2006,87.30,MALE,ADULT
Ecuador,2006,95.20,MALE,YOUTH
Ecuador,2006,95.60,FEMALE,YOUTH
Ecuador,2008,81.50,FEMALE,ADULT
Ecuador,2008,87.10,MALE,ADULT
Ecuador,2008,96.80,FEMALE,YOUTH
Ecuador,2008,96.80,MALE,YOUTH
Ecuador,2009,90.50,FEMALE,ADULT
Ecuador,2009,93.30,MALE,ADULT
Ecuador,2009,98.50,MALE,YOUTH
Ecuador,2009,98.80,FEMALE,YOUTH
Ecuador,2010,90.20,FEMALE,ADULT
Ecuador,2010,93.00,MALE,ADULT
Ecuador,2010,98.60,MALE,YOUTH
Ecuador,2010,98.80,FEMALE,YOUTH
Egypt,1975,22.40,FEMALE,ADULT
Egypt,1975,38.10,FEMALE,YOUTH
Egypt,1975,53.60,MALE,ADULT
Egypt,1975,63.00,MALE,YOUTH
Egypt,1985,31.40,FEMALE,ADULT
Egypt,1985,54.00,FEMALE,YOUTH
Egypt,1985,57.00,MALE,ADULT
Egypt,1985,71.40,MALE,YOUTH
Egypt,1995,43.60,FEMALE,ADULT
Egypt,1995,66.90,FEMALE,YOUTH
Egypt,1995,67.20,MALE,ADULT
Egypt,1995,79.00,MALE,YOUTH
Egypt,2004,59.40,FEMALE,ADULT
Egypt,2004,79.00,FEMALE,YOUTH
Egypt,2004,83.00,MALE,ADULT
Egypt,2004,90.10,MALE,YOUTH
Egypt,2005,57.80,FEMALE,ADULT
Egypt,2005,74.60,MALE,ADULT
Egypt,2005,81.80,FEMALE,YOUTH
Egypt,2005,87.90,MALE,YOUTH
Egypt,2009,63.50,FEMALE,ADULT
Egypt,2009,80.30,MALE,ADULT
Egypt,2009,84.30,FEMALE,YOUTH
Egypt,2009,90.60,MALE,YOUTH
Egypt,2010,64.60,FEMALE,ADULT
Egypt,2010,81.00,MALE,ADULT
Egypt,2010,85.20,FEMALE,YOUTH
Egypt,2010,91.50,MALE,YOUTH
El Salvador,1991,71.30,FEMALE,ADULT
El Salvador,1991,77.40,MALE,ADULT
El Salvador,1991,85.00,FEMALE,YOUTH
El Salvador,1991,85.00,MALE,YOUTH
El Salvador,2003,78.40,FEMALE,ADULT
El Salvador,2003,81.50,MALE,ADULT
El Salvador,2003,86.90,MALE,YOUTH
El Salvador,2003,91.00,FEMALE,YOUTH
El Salvador,2005,81.00,FEMALE,ADULT
El Salvador,2005,86.70,MALE,ADULT
El Salvador,2005,94.40,MALE,YOUTH
El Salvador,2005,95.50,FEMALE,YOUTH
El Salvador,2006,79.70,FEMALE,ADULT
El Salvador,2006,84.90,MALE,ADULT
El Salvador,2006,93.20,MALE,YOUTH
El Salvador,2006,93.90,FEMALE,YOUTH
El Salvador,2007,81.40,FEMALE,ADULT
El Salvador,2007,87.00,MALE,ADULT
El Salvador,2007,95.40,MALE,YOUTH
El Salvador,2007,96.50,FEMALE,YOUTH
El Salvador,2008,81.80,FEMALE,ADULT
El Salvador,2008,86.80,MALE,ADULT
El Salvador,2008,94.70,MALE,YOUTH
El Salvador,2008,95.30,FEMALE,YOUTH
El Salvador,2009,82.30,FEMALE,ADULT
El Salvador,2009,87.10,MALE,ADULT
El Salvador,2009,95.70,MALE,YOUTH
El Salvador,2009,96.40,FEMALE,YOUTH
Equatorial Guinea,1999,81.60,FEMALE,ADULT
Equatorial Guinea,1999,94.80,MALE,ADULT
Equatorial Guinea,1999,96.60,FEMALE,YOUTH
Equatorial Guinea,1999,97.60,MALE,YOUTH
Equatorial Guinea,2010,91.10,FEMALE,ADULT
Equatorial Guinea,2010,97.10,MALE,ADULT
Equatorial Guinea,2010,97.70,MALE,YOUTH
Equatorial Guinea,2010,98.40,FEMALE,YOUTH
Eritrea,2001,40.20,FEMALE,ADULT
Eritrea,2001,65.40,MALE,ADULT
Eritrea,2001,69.50,FEMALE,YOUTH
Eritrea,2001,86.30,MALE,YOUTH
Eritrea,2010,59.00,FEMALE,ADULT
Eritrea,2010,79.50,MALE,ADULT
Eritrea,2010,87.70,FEMALE,YOUTH
Eritrea,2010,92.60,MALE,YOUTH
Estonia,1988,99.60,FEMALE,ADULT
Estonia,1988,99.80,MALE,YOUTH
Estonia,1988,99.90,FEMALE,YOUTH
Estonia,1988,99.90,MALE,ADULT
Estonia,1999,99.70,MALE,YOUTH
Estonia,1999,99.80,FEMALE,ADULT
Estonia,1999,99.80,FEMALE,YOUTH
Estonia,1999,99.80,MALE,ADULT
Estonia,2010,99.80,FEMALE,ADULT
Estonia,2010,99.80,FEMALE,YOUTH
Estonia,2010,99.80,MALE,ADULT
Estonia,2010,99.80,MALE,YOUTH
Eswatini,1975,53.70,FEMALE,ADULT
Eswatini,1975,57.40,MALE,ADULT
Eswatini,1975,75.00,FEMALE,YOUTH
Eswatini,1975,76.10,MALE,YOUTH
Eswatini,1985,65.20,FEMALE,ADULT
Eswatini,1985,69.70,MALE,ADULT
Eswatini,1985,83.10,MALE,YOUTH
Eswatini,1985,84.30,FEMALE,YOUTH
Eswatini,1999,80.30,FEMALE,ADULT
Eswatini,1999,83.20,MALE,ADULT
Eswatini,1999,90.70,MALE,YOUTH
Eswatini,1999,92.90,FEMALE,YOUTH
Eswatini,2010,87.30,FEMALE,ADULT
Eswatini,2010,88.40,MALE,ADULT
Eswatini,2010,92.20,MALE,YOUTH
Eswatini,2010,95.30,FEMALE,YOUTH
Ethiopia,1993,18.50,FEMALE,ADULT
Ethiopia,1993,28.10,FEMALE,YOUTH
Ethiopia,1993,36.00,MALE,ADULT
Ethiopia,1993,39.30,MALE,YOUTH
Ethiopia,2003,22.80,FEMALE,ADULT
Ethiopia,2003,38.50,FEMALE,YOUTH
Ethiopia,2003,50.00,MALE,ADULT
Ethiopia,2003,62.20,MALE,YOUTH
Ethiopia,2004,18.00,FEMALE,ADULT
Ethiopia,2004,33.30,FEMALE,YOUTH
Ethiopia,2004,41.90,MALE,ADULT
Ethiopia,2004,55.90,MALE,YOUTH
Ethiopia,2006,28.90,FEMALE,ADULT
Ethiopia,2006,47.00,FEMALE,YOUTH
Ethiopia,2006,49.10,MALE,ADULT
Ethiopia,2006,63.00,MALE,YOUTH
Gabon,1992,65.30,FEMALE,ADULT
Gabon,1992,79.40,MALE,ADULT
Gabon,1992,92.10,FEMALE,YOUTH
Gabon,1992,94.40,MALE,YOUTH
Gabon,2003,79.30,FEMALE,ADULT
Gabon,2003,88.40,MALE,ADULT
Gabon,2003,95.60,FEMALE,YOUTH
Gabon,2003,97.80,MALE,YOUTH
Gabon,2010,85.60,FEMALE,ADULT
Gabon,2010,92.30,MALE,ADULT
Gabon,2010,97.00,FEMALE,YOUTH
Gabon,2010,98.80,MALE,YOUTH
Gambia,1999,25.10,FEMALE,ADULT
Gambia,1999,41.40,FEMALE,YOUTH
Gambia,1999,49.00,MALE,ADULT
Gambia,1999,64.30,MALE,YOUTH
Gambia,2010,41.90,FEMALE,ADULT
Gambia,2010,60.90,MALE,ADULT
Gambia,2010,63.60,FEMALE,YOUTH
Gambia,2010,72.60,MALE,YOUTH
Georgia,2001,99.50,FEMALE,ADULT
Georgia,2001,99.80,MALE,ADULT
Georgia,2001,99.80,MALE,YOUTH
Georgia,2001,99.90,FEMALE,YOUTH
Georgia,2010,99.70,FEMALE,ADULT
Georgia,2010,99.80,FEMALE,YOUTH
Georgia,2010,99.80,MALE,ADULT
Georgia,2010,99.80,MALE,YOUTH
Ghana,1999,49.80,FEMALE,ADULT
Ghana,1999,65.50,FEMALE,YOUTH
Ghana,1999,66.30,MALE,ADULT
Ghana,1999,76.00,MALE,YOUTH
Ghana,2009,65.30,FEMALE,ADULT
Ghana,2009,78.30,MALE,ADULT
Ghana,2009,83.20,FEMALE,YOUTH
Ghana,2009,88.30,MALE,YOUTH
Greece,1980,85.30,FEMALE,ADULT
Greece,1980,96.10,MALE,ADULT
Greece,1980,98.90,FEMALE,YOUTH
Greece,1980,99.00,MALE,YOUTH
Greece,1990,89.30,FEMALE,ADULT
Greece,1990,96.00,MALE,ADULT
Greece,1990,99.00,FEMALE,YOUTH
Greece,1990,99.00,MALE,YOUTH
Greece,2000,94.20,FEMALE,ADULT
Greece,2000,97.80,MALE,ADULT
Greece,2000,98.90,MALE,YOUTH
Greece,2000,99.00,FEMALE,YOUTH
Greece,2010,96.30,FEMALE,ADULT
Greece,2010,98.40,MALE,ADULT
Greece,2010,99.30,FEMALE,YOUTH
Greece,2010,99.40,MALE,YOUTH
Guatemala,1993,57.30,FEMALE,ADULT
Guatemala,1993,70.70,FEMALE,YOUTH
Guatemala,1993,71.70,MALE,ADULT
Guatemala,1993,81.70,MALE,YOUTH
Guatemala,2001,63.30,FEMALE,ADULT
Guatemala,2001,75.40,MALE,ADULT
Guatemala,2001,78.40,FEMALE,YOUTH
Guatemala,2001,86.40,MALE,YOUTH
Guatemala,2010,71.10,FEMALE,ADULT
Guatemala,2010,81.20,MALE,ADULT
Guatemala,2010,85.50,FEMALE,YOUTH
Guatemala,2010,89.30,MALE,YOUTH
Guinea,1995,9.74,FEMALE,ADULT
Guinea,1995,13.50,FEMALE,YOUTH
Guinea,1995,32.90,MALE,ADULT
Guinea,1995,44.10,MALE,YOUTH
Guinea,2002,18.20,FEMALE,ADULT
Guinea,2002,34.10,FEMALE,YOUTH
Guinea,2002,42.90,MALE,ADULT
Guinea,2002,59.50,MALE,YOUTH
Guinea,2009,12.20,FEMALE,ADULT
Guinea,2009,21.80,FEMALE,YOUTH
Guinea,2009,36.80,MALE,ADULT
Guinea,2009,37.60,MALE,YOUTH
Guinea-Bissau,1978,8.59,FEMALE,ADULT
Guinea-Bissau,1978,17.80,FEMALE,YOUTH
Guinea-Bissau,1978,33.40,MALE,ADULT
Guinea-Bissau,1978,59.70,MALE,YOUTH
Guinea-Bissau,1999,27.50,FEMALE,ADULT
Guinea-Bissau,1999,45.90,FEMALE,YOUTH
Guinea-Bissau,1999,57.60,MALE,ADULT
Guinea-Bissau,1999,74.80,MALE,YOUTH
Guinea-Bissau,2010,42.10,FEMALE,ADULT
Guinea-Bissau,2010,67.10,FEMALE,YOUTH
Guinea-Bissau,2010,68.90,MALE,ADULT
Guinea-Bissau,2010,79.30,MALE,YOUTH
Guyana,2008,82.40,MALE,ADULT
Guyana,2008,87.30,FEMALE,ADULT
Guyana,2008,92.40,MALE,YOUTH
Guyana,2008,93.70,FEMALE,YOUTH
Haiti,1981,32.50,FEMALE,ADULT
Haiti,1981,37.10,MALE,ADULT
Haiti,1981,51.00,FEMALE,YOUTH
Haiti,1981,51.30,MALE,YOUTH
Haiti,2002,54.90,FEMALE,ADULT
Haiti,2002,63.10,MALE,ADULT
Haiti,2002,80.70,FEMALE,YOUTH
Haiti,2002,82.70,MALE,YOUTH
Haiti,2005,44.60,FEMALE,ADULT
Haiti,2005,53.40,MALE,ADULT
Haiti,2005,70.50,FEMALE,YOUTH
Haiti,2005,74.40,MALE,YOUTH
Honduras,2000,79.80,MALE,ADULT
Honduras,2000,80.20,FEMALE,ADULT
Honduras,2000,86.90,MALE,YOUTH
Honduras,2000,90.90,FEMALE,YOUTH
Honduras,2006,83.50,FEMALE,ADULT
Honduras,2006,83.80,MALE,ADULT
Honduras,2006,92.70,MALE,YOUTH
Honduras,2006,95.00,FEMALE,YOUTH
Honduras,2009,84.70,FEMALE,ADULT
Honduras,2009,84.80,MALE,ADULT
Honduras,2009,94.50,MALE,YOUTH
Honduras,2009,95.90,FEMALE,YOUTH
Honduras,2010,84.90,FEMALE,ADULT
Honduras,2010,85.30,MALE,ADULT
Honduras,2010,94.90,MALE,YOUTH
Honduras,2010,96.90,FEMALE,YOUTH
Hungary,1979,98.50,FEMALE,ADULT
Hungary,1979,99.30,FEMALE,YOUTH
Hungary,1979,99.30,MALE,ADULT
Hungary,1979,99.40,MALE,YOUTH
Hungary,1993,98.70,FEMALE,ADULT
Hungary,1993,99.10,MALE,YOUTH
Hungary,1993,99.20,FEMALE,YOUTH
Hungary,1993,99.30,MALE,ADULT
Hungary,2003,98.80,FEMALE,ADULT
Hungary,2003,98.90,MALE,YOUTH
Hungary,2003,99.10,FEMALE,YOUTH
Hungary,2003,99.20,MALE,ADULT
Hungary,2010,98.80,MALE,YOUTH
Hungary,2010,98.90,FEMALE,ADULT
Hungary,2010,99.00,FEMALE,YOUTH
Hungary,2010,99.20,MALE,ADULT
India,1980,25.70,FEMALE,ADULT
India,1980,40.30,FEMALE,YOUTH
India,1980,54.80,MALE,ADULT
India,1980,66.30,MALE,YOUTH
India,1990,33.70,FEMALE,ADULT
India,1990,49.40,FEMALE,YOUTH
India,1990,61.60,MALE,ADULT
India,1990,73.50,MALE,YOUTH
India,2000,47.80,FEMALE,ADULT
India,2000,67.80,FEMALE,YOUTH
India,2000,73.40,MALE,ADULT
India,2000,84.20,MALE,YOUTH
India,2005,50.80,FEMALE,ADULT
India,2005,74.40,FEMALE,YOUTH
India,2005,75.20,MALE,ADULT
India,2005,88.40,MALE,YOUTH
Indonesia,1979,57.70,FEMALE,ADULT
Indonesia,1979,77.50,MALE,ADULT
Indonesia,1979,81.70,FEMALE,YOUTH
Indonesia,1979,89.60,MALE,YOUTH
Indonesia,1989,75.30,FEMALE,ADULT
Indonesia,1989,88.00,MALE,ADULT
Indonesia,1989,95.10,FEMALE,YOUTH
Indonesia,1989,97.40,MALE,YOUTH
Indonesia,2003,86.80,FEMALE,ADULT
Indonesia,2003,94.00,MALE,ADULT
Indonesia,2003,98.50,FEMALE,YOUTH
Indonesia,2003,98.90,MALE,YOUTH
Indonesia,2005,88.80,FEMALE,ADULT
Indonesia,2005,95.20,MALE,ADULT
Indonesia,2005,96.30,FEMALE,YOUTH
Indonesia,2005,97.00,MALE,YOUTH
Indonesia,2007,89.10,FEMALE,ADULT
Indonesia,2007,95.40,MALE,ADULT
Indonesia,2007,99.40,FEMALE,YOUTH
Indonesia,2007,99.50,MALE,YOUTH
Indonesia,2008,89.70,FEMALE,ADULT
Indonesia,2008,95.70,MALE,ADULT
Indonesia,2008,99.40,FEMALE,YOUTH
Indonesia,2008,99.50,MALE,YOUTH
Indonesia,2010,90.10,FEMALE,ADULT
Indonesia,2010,95.60,MALE,ADULT
Indonesia,2010,98.80,FEMALE,YOUTH
Indonesia,2010,98.80,MALE,YOUTH
Iran,1975,24.40,FEMALE,ADULT
Iran,1975,42.30,FEMALE,YOUTH
Iran,1975,48.20,MALE,ADULT
Iran,1975,70.90,MALE,YOUTH
Iran,1985,41.00,FEMALE,ADULT
Iran,1985,63.10,MALE,ADULT
Iran,1985,65.60,FEMALE,YOUTH
Iran,1985,84.50,MALE,YOUTH
Iran,1990,56.20,FEMALE,ADULT
Iran,1990,74.30,MALE,ADULT
Iran,1990,81.20,FEMALE,YOUTH
Iran,1990,92.40,MALE,YOUTH
Iran,1995,66.10,FEMALE,ADULT
Iran,1995,79.90,MALE,ADULT
Iran,1995,90.60,FEMALE,YOUTH
Iran,1995,95.50,MALE,YOUTH
Iran,2001,70.40,FEMALE,ADULT
Iran,2001,83.50,MALE,ADULT
Iran,2004,76.80,FEMALE,ADULT
Iran,2004,88.00,MALE,ADULT
Iran,2004,96.70,FEMALE,YOUTH
Iran,2004,98.10,MALE,YOUTH
Iran,2005,77.20,FEMALE,ADULT
Iran,2005,87.30,MALE,ADULT
Iran,2005,96.10,FEMALE,YOUTH
Iran,2005,97.20,MALE,YOUTH
Iran,2007,80.70,FEMALE,ADULT
Iran,2007,89.30,MALE,ADULT
Iran,2007,98.50,FEMALE,YOUTH
Iran,2007,98.80,MALE,YOUTH
Iraq,1999,64.20,FEMALE,ADULT
Iraq,1999,80.50,FEMALE,YOUTH
Iraq,1999,84.10,MALE,ADULT
Iraq,1999,88.90,MALE,YOUTH
Iraq,2010,71.20,FEMALE,ADULT
Iraq,2010,80.50,FEMALE,YOUTH
Iraq,2010,84.10,MALE,YOUTH
Iraq,2010,86.00,MALE,ADULT
Israel,1982,88.70,FEMALE,ADULT
Israel,1982,95.00,MALE,ADULT
Israel,1982,98.00,FEMALE,YOUTH
Israel,1982,99.00,MALE,YOUTH
Italy,1980,95.50,FEMALE,ADULT
Italy,1980,97.50,MALE,ADULT
Italy,1980,99.60,FEMALE,YOUTH
Italy,1980,99.70,MALE,YOUTH
Italy,2000,98.00,FEMALE,ADULT
Italy,2000,98.80,MALE,ADULT
Italy,2000,99.80,FEMALE,YOUTH
Italy,2000,99.80,MALE,YOUTH
Italy,2010,98.70,FEMALE,ADULT
Italy,2010,99.20,MALE,ADULT
Italy,2010,99.90,FEMALE,YOUTH
Italy,2010,99.90,MALE,YOUTH
Jamaica,1998,74.10,MALE,ADULT
Jamaica,1998,85.90,FEMALE,ADULT
Jamaica,1998,87.30,MALE,YOUTH
Jamaica,1998,96.30,FEMALE,YOUTH
Jamaica,2010,82.10,MALE,ADULT
Jamaica,2010,91.80,FEMALE,ADULT
Jamaica,2010,92.90,MALE,YOUTH
Jamaica,2010,98.50,FEMALE,YOUTH
Jordan,1978,52.10,FEMALE,ADULT
Jordan,1978,80.50,MALE,ADULT
Jordan,1978,84.80,FEMALE,YOUTH
Jordan,1978,95.80,MALE,YOUTH
Jordan,2002,84.70,FEMALE,ADULT
Jordan,2002,95.10,MALE,ADULT
Jordan,2002,98.90,FEMALE,YOUTH
Jordan,2002,99.30,MALE,YOUTH
Jordan,2004,87.00,FEMALE,ADULT
Jordan,2004,95.20,MALE,ADULT
Jordan,2004,98.90,MALE,YOUTH
Jordan,2004,99.00,FEMALE,YOUTH
Jordan,2006,88.90,FEMALE,ADULT
Jordan,2006,95.50,MALE,ADULT
Jordan,2006,99.00,FEMALE,YOUTH
Jordan,2006,99.00,MALE,YOUTH
Jordan,2009,89.20,FEMALE,ADULT
Jordan,2009,95.80,MALE,ADULT
Jordan,2009,98.80,FEMALE,YOUTH
Jordan,2009,98.80,MALE,YOUTH
Jordan,2010,93.90,FEMALE,ADULT
Jordan,2010,97.80,MALE,ADULT
Jordan,2010,99.00,MALE,YOUTH
Jordan,2010,99.30,FEMALE,YOUTH
Kazakhstan,1988,96.10,FEMALE,ADULT
Kazakhstan,1988,99.10,MALE,ADULT
Kazakhstan,1988,99.70,MALE,YOUTH
Kazakhstan,1988,99.80,FEMALE,YOUTH
Kazakhstan,1998,99.30,FEMALE,ADULT
Kazakhstan,1998,99.80,MALE,ADULT
Kazakhstan,1998,99.80,MALE,YOUTH
Kazakhstan,1998,99.90,FEMALE,YOUTH
Kazakhstan,2008,99.70,FEMALE,ADULT
Kazakhstan,2008,99.80,MALE,ADULT
Kazakhstan,2008,99.80,MALE,YOUTH
Kazakhstan,2008,99.90,FEMALE,YOUTH
Kenya,1999,77.90,FEMALE,ADULT
Kenya,1999,87.50,MALE,ADULT
Kenya,1999,91.90,FEMALE,YOUTH
Kenya,1999,93.30,MALE,YOUTH
Kenya,2006,66.90,FEMALE,ADULT
Kenya,2006,78.10,MALE,ADULT
Kenya,2006,81.60,FEMALE,YOUTH
Kenya,2006,83.20,MALE,YOUTH
Kuwait,1974,48.00,FEMALE,ADULT
Kuwait,1974,66.00,FEMALE,YOUTH
Kuwait,1974,68.00,MALE,ADULT
Kuwait,1974,77.70,MALE,YOUTH
Kuwait,1979,59.10,FEMALE,ADULT
Kuwait,1979,72.80,MALE,ADULT
Kuwait,1979,76.00,FEMALE,YOUTH
Kuwait,1979,81.30,MALE,YOUTH
Kuwait,1984,68.80,FEMALE,ADULT
Kuwait,1984,78.20,MALE,ADULT
Kuwait,1984,84.10,FEMALE,YOUTH
Kuwait,1984,90.70,MALE,YOUTH
Kuwait,1994,74.20,FEMALE,ADULT
Kuwait,1994,81.10,MALE,ADULT
Kuwait,1994,90.20,FEMALE,YOUTH
Kuwait,1994,93.80,MALE,YOUTH
Kuwait,2004,91.00,FEMALE,ADULT
Kuwait,2004,94.50,MALE,ADULT
Kuwait,2004,99.70,MALE,YOUTH
Kuwait,2004,99.80,FEMALE,YOUTH
Kuwait,2005,90.80,FEMALE,ADULT
Kuwait,2005,94.50,MALE,ADULT
Kuwait,2005,98.50,FEMALE,YOUTH
Kuwait,2005,98.50,MALE,YOUTH
Kuwait,2006,91.50,FEMALE,ADULT
Kuwait,2006,94.80,MALE,ADULT
Kuwait,2006,98.40,MALE,YOUTH
Kuwait,2006,98.50,FEMALE,YOUTH
Kuwait,2007,91.80,FEMALE,ADULT
Kuwait,2007,95.00,MALE,ADULT
Kuwait,2007,98.60,MALE,YOUTH
Kuwait,2007,98.70,FEMALE,YOUTH
Kyrgyz Republic,1998,98.10,FEMALE,ADULT
Kyrgyz Republic,1998,99.30,MALE,ADULT
Kyrgyz Republic,1998,99.70,FEMALE,YOUTH
Kyrgyz Republic,1998,99.70,MALE,YOUTH
Kyrgyz Republic,2008,99.00,FEMALE,ADULT
Kyrgyz Republic,2008,99.50,MALE,ADULT
Kyrgyz Republic,2008,99.70,MALE,YOUTH
Kyrgyz Republic,2008,99.80,FEMALE,YOUTH
Lao,1994,47.90,FEMALE,ADULT
Lao,1994,64.00,FEMALE,YOUTH
Lao,1994,73.50,MALE,ADULT
Lao,1994,78.80,MALE,YOUTH
Lao,1999,58.50,FEMALE,ADULT
Lao,1999,73.60,FEMALE,YOUTH
Lao,1999,81.40,MALE,ADULT
Lao,1999,88.10,MALE,YOUTH
Lao,2000,60.90,FEMALE,ADULT
Lao,2000,74.70,FEMALE,YOUTH
Lao,2000,77.00,MALE,ADULT
Lao,2000,82.60,MALE,YOUTH
Lao,2004,63.20,FEMALE,ADULT
Lao,2004,78.70,FEMALE,YOUTH
Lao,2004,82.50,MALE,ADULT
Lao,2004,89.20,MALE,YOUTH
Latvia,1988,99.20,FEMALE,ADULT
Latvia,1988,99.80,FEMALE,YOUTH
Latvia,1988,99.80,MALE,ADULT
Latvia,1988,99.80,MALE,YOUTH
Latvia,1999,99.70,FEMALE,ADULT
Latvia,1999,99.70,MALE,YOUTH
Latvia,1999,99.80,FEMALE,YOUTH
Latvia,1999,99.80,MALE,ADULT
Latvia,2010,99.70,FEMALE,YOUTH
Latvia,2010,99.70,MALE,YOUTH
Latvia,2010,99.80,FEMALE,ADULT
Latvia,2010,99.80,MALE,ADULT
Lebanon,2006,86.00,FEMALE,ADULT
Lebanon,2006,93.40,MALE,ADULT
Lebanon,2006,98.40,MALE,YOUTH
Lebanon,2006,99.10,FEMALE,YOUTH
Lesotho,1999,80.00,MALE,ADULT
Lesotho,1999,84.80,MALE,YOUTH
Lesotho,1999,92.00,FEMALE,ADULT
Lesotho,1999,97.50,FEMALE,YOUTH
Lesotho,2008,65.50,MALE,ADULT
Lesotho,2008,74.20,MALE,YOUTH
Lesotho,2008,85.00,FEMALE,ADULT
Lesotho,2008,92.10,FEMALE,YOUTH
Liberia,1983,19.30,FEMALE,ADULT
Liberia,1983,33.70,FEMALE,YOUTH
Liberia,1983,44.90,MALE,ADULT
Liberia,1983,62.80,MALE,YOUTH
Liberia,1993,32.00,FEMALE,ADULT
Liberia,1993,54.20,FEMALE,YOUTH
Liberia,1993,55.20,MALE,ADULT
Liberia,1993,65.80,MALE,YOUTH
Liberia,2003,47.90,FEMALE,ADULT
Liberia,2003,61.80,MALE,ADULT
Liberia,2003,69.10,MALE,YOUTH
Liberia,2003,73.40,FEMALE,YOUTH
Liberia,2006,27.00,FEMALE,ADULT
Liberia,2006,37.20,FEMALE,YOUTH
Liberia,2006,60.80,MALE,ADULT
Liberia,2006,63.50,MALE,YOUTH
Libya,1983,42.30,FEMALE,ADULT
Libya,1983,77.00,MALE,ADULT
Libya,1983,80.30,FEMALE,YOUTH
Libya,1983,97.80,MALE,YOUTH
Libya,1993,65.00,FEMALE,ADULT
Libya,1993,88.30,MALE,ADULT
Libya,1993,96.30,FEMALE,YOUTH
Libya,1993,99.40,MALE,YOUTH
Libya,2003,78.20,FEMALE,ADULT
Libya,2003,93.70,MALE,ADULT
Libya,2003,99.40,FEMALE,YOUTH
Libya,2003,99.80,MALE,YOUTH
Libya,2010,83.30,FEMALE,ADULT
Libya,2010,95.80,MALE,ADULT
Libya,2010,99.80,FEMALE,YOUTH
Libya,2010,99.90,MALE,YOUTH
Lithuania,1988,97.80,FEMALE,ADULT
Lithuania,1988,99.20,MALE,ADULT
Lithuania,1988,99.60,MALE,YOUTH
Lithuania,1988,99.70,FEMALE,YOUTH
Lithuania,2000,99.60,MALE,ADULT
Lithuania,2000,99.70,FEMALE,ADULT
Lithuania,2000,99.70,FEMALE,YOUTH
Lithuania,2000,99.70,MALE,YOUTH
Lithuania,2010,99.70,FEMALE,ADULT
Lithuania,2010,99.70,MALE,ADULT
Lithuania,2010,99.80,FEMALE,YOUTH
Lithuania,2010,99.80,MALE,YOUTH
Madagascar,1999,65.30,FEMALE,ADULT
Madagascar,1999,68.20,FEMALE,YOUTH
Madagascar,1999,72.70,MALE,YOUTH
Madagascar,1999,76.50,MALE,ADULT
Madagascar,2008,61.60,FEMALE,ADULT
Madagascar,2008,64.00,FEMALE,YOUTH
Madagascar,2008,65.90,MALE,YOUTH
Madagascar,2008,67.40,MALE,ADULT
Malawi,1986,33.50,FEMALE,ADULT
Malawi,1986,49.10,FEMALE,YOUTH
Malawi,1986,65.30,MALE,ADULT
Malawi,1986,70.40,MALE,YOUTH
Malawi,1997,54.00,FEMALE,ADULT
Malawi,1997,70.70,FEMALE,YOUTH
Malawi,1997,74.90,MALE,ADULT
Malawi,1997,82.10,MALE,YOUTH
Malawi,2009,51.30,FEMALE,ADULT
Malawi,2009,70.00,FEMALE,YOUTH
Malawi,2009,72.10,MALE,ADULT
Malawi,2009,74.30,MALE,YOUTH
Malaysia,1979,61.30,FEMALE,ADULT
Malaysia,1979,78.20,MALE,ADULT
Malaysia,1979,86.50,FEMALE,YOUTH
Malaysia,1979,89.50,MALE,YOUTH
Malaysia,1990,77.30,FEMALE,ADULT
Malaysia,1990,88.60,MALE,ADULT
Malaysia,1990,95.20,FEMALE,YOUTH
Malaysia,1990,95.90,MALE,YOUTH
Malaysia,1999,85.30,FEMALE,ADULT
Malaysia,1999,92.00,MALE,ADULT
Malaysia,1999,97.20,MALE,YOUTH
Malaysia,1999,97.30,FEMALE,YOUTH
Malaysia,2009,90.80,FEMALE,ADULT
Malaysia,2009,95.40,MALE,ADULT
Malaysia,2009,98.40,MALE,YOUTH
Malaysia,2009,98.50,FEMALE,YOUTH
Maldives,1976,82.20,FEMALE,ADULT
Maldives,1976,82.40,MALE,ADULT
Maldives,1976,84.10,MALE,YOUTH
Maldives,1976,87.10,FEMALE,YOUTH
Maldives,1984,92.10,MALE,ADULT
Maldives,1984,92.40,FEMALE,ADULT
Maldives,1984,94.90,MALE,YOUTH
Maldives,1984,96.20,FEMALE,YOUTH
Maldives,1989,95.90,MALE,ADULT
Maldives,1989,96.20,FEMALE,ADULT
Maldives,1989,98.10,MALE,YOUTH
Maldives,1989,98.30,FEMALE,YOUTH
Maldives,1994,96.20,MALE,ADULT
Maldives,1994,96.40,FEMALE,ADULT
Maldives,1994,98.00,MALE,YOUTH
Maldives,1994,98.30,FEMALE,YOUTH
Maldives,1999,96.20,MALE,ADULT
Maldives,1999,96.40,FEMALE,ADULT
Maldives,1999,98.00,MALE,YOUTH
Maldives,1999,98.30,FEMALE,YOUTH
Maldives,2005,98.40,FEMALE,ADULT
Maldives,2005,98.40,MALE,ADULT
Maldives,2005,99.20,MALE,YOUTH
Maldives,2005,99.40,FEMALE,YOUTH
Mali,1975,5.74,FEMALE,ADULT
Mali,1975,13.50,FEMALE,YOUTH
Mali,1975,13.50,MALE,ADULT
Mali,1975,26.70,MALE,YOUTH
Mali,1997,11.90,FEMALE,ADULT
Mali,1997,16.90,FEMALE,YOUTH
Mali,1997,26.70,MALE,ADULT
Mali,1997,32.30,MALE,YOUTH
Mali,2002,15.90,FEMALE,ADULT
Mali,2002,32.70,MALE,ADULT
Mali,2005,18.20,FEMALE,ADULT
Mali,2005,30.80,FEMALE,YOUTH
Mali,2005,34.90,MALE,ADULT
Mali,2005,47.40,MALE,YOUTH
Mali,2009,20.30,FEMALE,ADULT
Mali,2009,34.00,FEMALE,YOUTH
Mali,2009,43.40,MALE,ADULT
Mali,2009,56.40,MALE,YOUTH
Mali,2010,24.60,FEMALE,ADULT
Mali,2010,38.80,FEMALE,YOUTH
Mali,2010,43.10,MALE,ADULT
Mali,2010,56.00,MALE,YOUTH
Malta,1984,87.70,MALE,ADULT
Malta,1984,88.30,FEMALE,ADULT
Malta,1984,97.40,MALE,YOUTH
Malta,1984,99.00,FEMALE,YOUTH
Malta,1994,86.40,MALE,ADULT
Malta,1994,89.20,FEMALE,ADULT
Malta,1994,94.40,MALE,YOUTH
Malta,1994,97.80,FEMALE,YOUTH
Malta,2004,91.20,MALE,ADULT
Malta,2004,93.50,FEMALE,ADULT
Malta,2004,97.50,MALE,YOUTH
Malta,2004,99.10,FEMALE,YOUTH
Mauritania,1999,43.40,FEMALE,ADULT
Mauritania,1999,55.50,FEMALE,YOUTH
Mauritania,1999,59.50,MALE,ADULT
Mauritania,1999,67.70,MALE,YOUTH
Mauritania,2010,52.00,FEMALE,ADULT
Mauritania,2010,65.30,MALE,ADULT
Mauritania,2010,66.20,FEMALE,YOUTH
Mauritania,2010,71.60,MALE,YOUTH
Mauritius,1989,74.70,FEMALE,ADULT
Mauritius,1989,85.20,MALE,ADULT
Mauritius,1989,90.70,MALE,YOUTH
Mauritius,1989,91.70,FEMALE,YOUTH
Mauritius,1999,80.50,FEMALE,ADULT
Mauritius,1999,88.20,MALE,ADULT
Mauritius,1999,93.70,MALE,YOUTH
Mauritius,1999,95.40,FEMALE,YOUTH
Mauritius,2010,86.70,FEMALE,ADULT
Mauritius,2010,91.10,MALE,ADULT
Mauritius,2010,95.80,MALE,YOUTH
Mauritius,2010,97.80,FEMALE,YOUTH
Mexico,1979,79.90,FEMALE,ADULT
Mexico,1979,86.20,MALE,ADULT
Mexico,1979,90.90,FEMALE,YOUTH
Mexico,1979,93.10,MALE,YOUTH
Mexico,1989,85.00,FEMALE,ADULT
Mexico,1989,90.30,MALE,ADULT
Mexico,1989,94.90,FEMALE,YOUTH
Mexico,1989,96.00,MALE,YOUTH
Mexico,1999,88.70,FEMALE,ADULT
Mexico,1999,92.60,MALE,ADULT
Mexico,1999,96.50,FEMALE,YOUTH
Mexico,1999,96.80,MALE,YOUTH
Mexico,2001,88.70,FEMALE,ADULT
Mexico,2001,92.00,MALE,ADULT
Mexico,2001,97.30,FEMALE,YOUTH
Mexico,2001,97.90,MALE,YOUTH
Mexico,2003,89.60,FEMALE,ADULT
Mexico,2003,92.50,MALE,ADULT
Mexico,2003,97.50,MALE,YOUTH
Mexico,2003,97.60,FEMALE,YOUTH
Mexico,2004,90.20,FEMALE,ADULT
Mexico,2004,93.20,MALE,ADULT
Mexico,2004,97.60,FEMALE,YOUTH
Mexico,2004,97.60,MALE,YOUTH
Mexico,2005,89.80,FEMALE,ADULT
Mexico,2005,93.90,MALE,ADULT
Mexico,2005,97.70,FEMALE,YOUTH
Mexico,2005,98.10,MALE,YOUTH
Mexico,2006,91.40,FEMALE,ADULT
Mexico,2006,94.40,MALE,ADULT
Mexico,2006,98.10,FEMALE,YOUTH
Mexico,2006,98.20,MALE,YOUTH
Mexico,2007,91.50,FEMALE,ADULT
Mexico,2007,94.60,MALE,ADULT
Mexico,2007,98.40,FEMALE,YOUTH
Mexico,2007,98.40,MALE,YOUTH
Mexico,2008,92.10,FEMALE,ADULT
Mexico,2008,94.90,MALE,ADULT
Mexico,2008,98.40,FEMALE,YOUTH
Mexico,2008,98.70,MALE,YOUTH
Mexico,2009,91.80,FEMALE,ADULT
Mexico,2009,94.40,MALE,ADULT
Mexico,2009,98.40,MALE,YOUTH
Mexico,2009,98.50,FEMALE,YOUTH
Mexico,2010,92.30,FEMALE,ADULT
Mexico,2010,94.80,MALE,ADULT
Mexico,2010,98.40,MALE,YOUTH
Mexico,2010,98.50,FEMALE,YOUTH
Moldova,1988,94.40,FEMALE,ADULT
Moldova,1988,98.60,MALE,ADULT
Moldova,1988,99.70,FEMALE,YOUTH
Moldova,1988,99.70,MALE,YOUTH
Moldova,1999,95.50,FEMALE,ADULT
Moldova,1999,98.00,MALE,ADULT
Moldova,1999,99.40,MALE,YOUTH
Moldova,1999,99.70,FEMALE,YOUTH
Moldova,2010,98.50,FEMALE,ADULT
Moldova,2010,99.50,MALE,ADULT
Moldova,2010,100.00,FEMALE,YOUTH
Moldova,2010,100.00,MALE,YOUTH
Mongolia,1999,97.00,MALE,YOUTH
Mongolia,1999,97.50,FEMALE,ADULT
Mongolia,1999,98.00,MALE,ADULT
Mongolia,1999,98.40,FEMALE,YOUTH
Mongolia,2010,94.10,MALE,YOUTH
Mongolia,2010,96.80,MALE,ADULT
Mongolia,2010,97.30,FEMALE,YOUTH
Mongolia,2010,97.90,FEMALE,ADULT
Montenegro,2010,97.60,FEMALE,ADULT
Montenegro,2010,99.30,FEMALE,YOUTH
Montenegro,2010,99.30,MALE,YOUTH
Montenegro,2010,99.40,MALE,ADULT
Morocco,1981,17.50,FEMALE,ADULT
Morocco,1981,30.90,FEMALE,YOUTH
Morocco,1981,43.70,MALE,ADULT
Morocco,1981,58.10,MALE,YOUTH
Morocco,1993,28.70,FEMALE,ADULT
Morocco,1993,46.00,FEMALE,YOUTH
Morocco,1993,55.20,MALE,ADULT
Morocco,1993,71.40,MALE,YOUTH
Morocco,2003,39.60,FEMALE,ADULT
Morocco,2003,60.50,FEMALE,YOUTH
Morocco,2003,65.70,MALE,ADULT
Morocco,2003,80.80,MALE,YOUTH
Morocco,2007,42.60,FEMALE,ADULT
Morocco,2007,68.40,MALE,ADULT
Morocco,2007,69.90,FEMALE,YOUTH
Morocco,2007,85.80,MALE,YOUTH
Morocco,2008,43.90,FEMALE,ADULT
Morocco,2008,68.90,MALE,ADULT
Morocco,2008,72.20,FEMALE,YOUTH
Morocco,2008,86.70,MALE,YOUTH
Morocco,2010,57.60,FEMALE,ADULT
Morocco,2010,74.00,FEMALE,YOUTH
Morocco,2010,76.10,MALE,ADULT
Morocco,2010,88.80,MALE,YOUTH
Mozambique,1979,12.20,FEMALE,ADULT
Mozambique,1979,25.10,FEMALE,YOUTH
Mozambique,1979,44.00,MALE,ADULT
Mozambique,1979,64.00,MALE,YOUTH
Mozambique,1996,25.00,FEMALE,ADULT
Mozambique,1996,36.50,FEMALE,YOUTH
Mozambique,1996,54.80,MALE,ADULT
Mozambique,1996,59.50,MALE,YOUTH
Mozambique,2002,33.20,FEMALE,ADULT
Mozambique,2002,50.00,FEMALE,YOUTH
Mozambique,2002,65.60,MALE,ADULT
Mozambique,2002,74.40,MALE,YOUTH
Mozambique,2008,36.50,FEMALE,ADULT
Mozambique,2008,56.50,FEMALE,YOUTH
Mozambique,2008,67.30,MALE,ADULT
Mozambique,2008,79.80,MALE,YOUTH
Myanmar,1982,71.60,FEMALE,ADULT
Myanmar,1982,81.30,FEMALE,YOUTH
Myanmar,1982,85.80,MALE,ADULT
Myanmar,1982,88.60,MALE,YOUTH
Myanmar,1999,86.40,FEMALE,ADULT
Myanmar,1999,93.50,FEMALE,YOUTH
Myanmar,1999,93.90,MALE,ADULT
Myanmar,1999,95.80,MALE,YOUTH
Myanmar,2010,90.40,FEMALE,ADULT
Myanmar,2010,95.10,MALE,ADULT
Myanmar,2010,95.80,FEMALE,YOUTH
Myanmar,2010,96.30,MALE,YOUTH
Namibia,1990,74.00,FEMALE,ADULT
Namibia,1990,77.80,MALE,ADULT
Namibia,1990,85.70,MALE,YOUTH
Namibia,1990,90.40,FEMALE,YOUTH
Namibia,2000,83.50,FEMALE,ADULT
Namibia,2000,86.80,MALE,ADULT
Namibia,2000,91.20,MALE,YOUTH
Namibia,2000,93.50,FEMALE,YOUTH
Namibia,2006,74.30,MALE,ADULT
Namibia,2006,78.30,FEMALE,ADULT
Namibia,2006,83.20,MALE,YOUTH
Namibia,2006,90.60,FEMALE,YOUTH
Nepal,1980,9.15,FEMALE,ADULT
Nepal,1980,15.00,FEMALE,YOUTH
Nepal,1980,31.70,MALE,ADULT
Nepal,1980,45.10,MALE,YOUTH
Nepal,1990,17.40,FEMALE,ADULT
Nepal,1990,32.70,FEMALE,YOUTH
Nepal,1990,49.20,MALE,ADULT
Nepal,1990,68.20,MALE,YOUTH
Nepal,2000,34.90,FEMALE,ADULT
Nepal,2000,60.10,FEMALE,YOUTH
Nepal,2000,62.70,MALE,ADULT
Nepal,2000,80.60,MALE,YOUTH
Nepal,2010,46.70,FEMALE,ADULT
Nepal,2010,71.10,MALE,ADULT
Nepal,2010,77.50,FEMALE,YOUTH
Nepal,2010,89.20,MALE,YOUTH
Netherlands Antilles,1991,95.00,FEMALE,ADULT
Netherlands Antilles,1991,95.20,MALE,ADULT
Netherlands Antilles,1991,96.60,MALE,YOUTH
Netherlands Antilles,1991,97.30,FEMALE,YOUTH
Netherlands Antilles,2010,96.50,FEMALE,ADULT
Netherlands Antilles,2010,96.60,MALE,ADULT
Netherlands Antilles,2010,98.50,FEMALE,YOUTH
Netherlands Antilles,2010,98.50,MALE,YOUTH
Nicaragua,2000,76.60,FEMALE,ADULT
Nicaragua,2000,76.80,MALE,ADULT
Nicaragua,2000,83.60,MALE,YOUTH
Nicaragua,2000,88.80,FEMALE,YOUTH
Nicaragua,2004,77.90,FEMALE,ADULT
Nicaragua,2004,78.10,MALE,ADULT
Nicaragua,2004,85.20,MALE,YOUTH
Nicaragua,2004,88.80,FEMALE,YOUTH
Niger,2000,9.38,MALE,ADULT
Niger,2000,9.40,FEMALE,ADULT
Niger,2000,13.70,MALE,YOUTH
Niger,2000,14.20,FEMALE,YOUTH
Niger,2004,15.10,FEMALE,ADULT
Niger,2004,23.20,FEMALE,YOUTH
Niger,2004,42.90,MALE,ADULT
Niger,2004,52.50,MALE,YOUTH
Nigeria,1990,43.70,FEMALE,ADULT
Nigeria,1990,62.50,FEMALE,YOUTH
Nigeria,1990,67.70,MALE,ADULT
Nigeria,1990,81.40,MALE,YOUTH
Nigeria,2002,43.30,FEMALE,ADULT
Nigeria,2002,60.50,FEMALE,YOUTH
Nigeria,2002,66.80,MALE,ADULT
Nigeria,2002,78.10,MALE,YOUTH
Nigeria,2007,41.40,FEMALE,ADULT
Nigeria,2007,58.00,FEMALE,YOUTH
Nigeria,2007,61.30,MALE,ADULT
Nigeria,2007,75.60,MALE,YOUTH
North Korea,2007,100.00,FEMALE,ADULT
North Korea,2007,100.00,FEMALE,YOUTH
North Korea,2007,100.00,MALE,ADULT
North Korea,2007,100.00,MALE,YOUTH
North Macedonia,1993,90.90,FEMALE,ADULT
North Macedonia,1993,97.20,MALE,ADULT
North Macedonia,1993,98.60,FEMALE,YOUTH
North Macedonia,1993,99.10,MALE,YOUTH
North Macedonia,2001,94.10,FEMALE,ADULT
North Macedonia,2001,98.20,MALE,ADULT
North Macedonia,2001,98.50,FEMALE,YOUTH
North Macedonia,2001,99.00,MALE,YOUTH
North Macedonia,2010,96.00,FEMALE,ADULT
North Macedonia,2010,98.50,FEMALE,YOUTH
North Macedonia,2010,98.70,MALE,ADULT
North Macedonia,2010,98.80,MALE,YOUTH
Oman,2002,73.50,FEMALE,ADULT
Oman,2002,86.90,MALE,ADULT
Oman,2002,96.70,FEMALE,YOUTH
Oman,2002,97.90,MALE,YOUTH
Oman,2007,80.90,FEMALE,ADULT
Oman,2007,90.00,MALE,ADULT
Oman,2007,97.60,FEMALE,YOUTH
Oman,2007,97.60,MALE,YOUTH
Oman,2009,81.80,FEMALE,ADULT
Oman,2009,90.20,MALE,ADULT
Oman,2009,97.40,MALE,YOUTH
Oman,2009,98.20,FEMALE,YOUTH
Pakistan,1980,14.80,FEMALE,ADULT
Pakistan,1980,23.80,FEMALE,YOUTH
Pakistan,1980,35.40,MALE,ADULT
Pakistan,1980,44.50,MALE,YOUTH
Pakistan,1997,29.00,FEMALE,ADULT
Pakistan,1997,43.10,FEMALE,YOUTH
Pakistan,1997,55.30,MALE,ADULT
Pakistan,1997,67.20,MALE,YOUTH
Pakistan,2004,35.40,FEMALE,ADULT
Pakistan,2004,53.10,FEMALE,YOUTH
Pakistan,2004,64.10,MALE,ADULT
Pakistan,2004,76.70,MALE,YOUTH
Pakistan,2005,39.60,FEMALE,ADULT
Pakistan,2005,58.40,FEMALE,YOUTH
Pakistan,2005,67.70,MALE,ADULT
Pakistan,2005,79.10,MALE,YOUTH
Pakistan,2007,40.10,FEMALE,ADULT
Pakistan,2007,61.30,FEMALE,YOUTH
Pakistan,2007,68.90,MALE,ADULT
Pakistan,2007,79.40,MALE,YOUTH
Pakistan,2008,40.30,FEMALE,ADULT
Pakistan,2008,61.50,FEMALE,YOUTH
Pakistan,2008,68.60,MALE,ADULT
Pakistan,2008,79.10,MALE,YOUTH
Palau,1979,90.50,FEMALE,ADULT
Palau,1979,93.30,MALE,ADULT
Palau,1979,94.20,MALE,YOUTH
Palau,1979,94.40,FEMALE,YOUTH
Palestine,1996,79.70,FEMALE,ADULT
Palestine,1996,92.20,MALE,ADULT
Palestine,1996,96.90,MALE,YOUTH
Palestine,1996,97.20,FEMALE,YOUTH
Palestine,2003,88.00,FEMALE,ADULT
Palestine,2003,96.50,MALE,ADULT
Palestine,2003,98.80,FEMALE,YOUTH
Palestine,2003,99.00,MALE,YOUTH
Palestine,2005,89.80,FEMALE,ADULT
Palestine,2005,97.10,MALE,ADULT
Palestine,2005,99.00,MALE,YOUTH
Palestine,2005,99.20,FEMALE,YOUTH
Palestine,2006,90.50,FEMALE,ADULT
Palestine,2006,97.20,MALE,ADULT
Palestine,2006,99.00,FEMALE,YOUTH
Palestine,2006,99.10,MALE,YOUTH
Palestine,2007,90.90,FEMALE,ADULT
Palestine,2007,97.10,MALE,ADULT
Palestine,2007,99.00,FEMALE,YOUTH
Palestine,2007,99.30,MALE,YOUTH
Palestine,2008,91.70,FEMALE,ADULT
Palestine,2008,97.40,MALE,ADULT
Palestine,2008,99.20,FEMALE,YOUTH
Palestine,2008,99.20,MALE,YOUTH
Palestine,2009,92.20,FEMALE,ADULT
Palestine,2009,97.60,MALE,ADULT
Palestine,2009,99.20,MALE,YOUTH
Palestine,2009,99.30,FEMALE,YOUTH
Palestine,2010,92.60,FEMALE,ADULT
Palestine,2010,97.90,MALE,ADULT
Palestine,2010,99.30,MALE,YOUTH
Palestine,2010,99.40,FEMALE,YOUTH
Panama,1979,88.00,FEMALE,ADULT
Panama,1979,88.10,MALE,ADULT
Panama,1979,95.90,MALE,YOUTH
Panama,1979,96.30,FEMALE,YOUTH
Panama,1989,88.20,FEMALE,ADULT
Panama,1989,89.30,MALE,ADULT
Panama,1989,94.80,FEMALE,YOUTH
Panama,1989,95.40,MALE,YOUTH
Panama,1999,91.30,FEMALE,ADULT
Panama,1999,92.50,MALE,ADULT
Panama,1999,95.60,FEMALE,YOUTH
Panama,1999,96.50,MALE,YOUTH
Panama,2009,93.50,FEMALE,ADULT
Panama,2009,94.70,MALE,ADULT
Panama,2009,97.30,FEMALE,YOUTH
Panama,2009,97.90,MALE,YOUTH
Papua New Guinea,1999,50.90,FEMALE,ADULT
Papua New Guinea,1999,63.50,MALE,ADULT
Papua New Guinea,1999,64.10,FEMALE,YOUTH
Papua New Guinea,1999,69.10,MALE,YOUTH
Papua New Guinea,2010,59.40,FEMALE,ADULT
Papua New Guinea,2010,65.40,MALE,ADULT
Papua New Guinea,2010,67.00,MALE,YOUTH
Papua New Guinea,2010,74.80,FEMALE,YOUTH
Paraguay,1981,75.80,FEMALE,ADULT
Paraguay,1981,81.10,MALE,ADULT
Paraguay,1981,89.00,FEMALE,YOUTH
Paraguay,1981,90.20,MALE,YOUTH
Paraguay,1991,88.60,FEMALE,ADULT
Paraguay,1991,92.00,MALE,ADULT
Paraguay,1991,95.40,FEMALE,YOUTH
Paraguay,1991,95.90,MALE,YOUTH
Paraguay,2006,93.50,FEMALE,ADULT
Paraguay,2006,95.70,MALE,ADULT
Paraguay,2006,98.80,FEMALE,YOUTH
Paraguay,2006,98.80,MALE,YOUTH
Paraguay,2007,92.50,FEMALE,ADULT
Paraguay,2007,94.10,MALE,ADULT
Paraguay,2007,97.70,MALE,YOUTH
Paraguay,2007,98.20,FEMALE,YOUTH
Paraguay,2008,93.10,FEMALE,ADULT
Paraguay,2008,94.40,MALE,ADULT
Paraguay,2008,98.00,MALE,YOUTH
Paraguay,2008,99.00,FEMALE,YOUTH
Paraguay,2009,92.90,FEMALE,ADULT
Paraguay,2009,94.80,MALE,ADULT
Paraguay,2009,98.50,MALE,YOUTH
Paraguay,2009,98.70,FEMALE,YOUTH
Peru,1980,73.90,FEMALE,ADULT
Peru,1980,89.80,FEMALE,YOUTH
Peru,1980,90.10,MALE,ADULT
Peru,1980,96.50,MALE,YOUTH
Peru,1992,81.70,FEMALE,ADULT
Peru,1992,92.80,MALE,ADULT
Peru,1992,93.80,FEMALE,YOUTH
Peru,1992,97.00,MALE,YOUTH
Peru,2003,82.10,FEMALE,ADULT
Peru,2003,93.50,MALE,ADULT
Peru,2003,95.70,FEMALE,YOUTH
Peru,2003,97.80,MALE,YOUTH
Peru,2004,82.50,FEMALE,ADULT
Peru,2004,93.70,MALE,ADULT
Peru,2004,96.30,FEMALE,YOUTH
Peru,2004,97.90,MALE,YOUTH
Peru,2005,83.50,FEMALE,ADULT
Peru,2005,94.20,MALE,ADULT
Peru,2005,97.00,FEMALE,YOUTH
Peru,2005,98.50,MALE,YOUTH
Peru,2006,84.70,FEMALE,ADULT
Peru,2006,94.90,MALE,ADULT
Peru,2006,96.70,FEMALE,YOUTH
Peru,2006,98.00,MALE,YOUTH
Philippines,1979,82.80,FEMALE,ADULT
Philippines,1979,83.90,MALE,ADULT
Philippines,1979,91.10,MALE,YOUTH
Philippines,1979,92.50,FEMALE,YOUTH
Philippines,1989,93.20,FEMALE,ADULT
Philippines,1989,94.00,MALE,ADULT
Philippines,1989,96.30,MALE,YOUTH
Philippines,1989,96.90,FEMALE,YOUTH
Philippines,1999,92.50,MALE,ADULT
Philippines,1999,92.70,FEMALE,ADULT
Philippines,1999,94.50,MALE,YOUTH
Philippines,1999,95.70,FEMALE,YOUTH
Philippines,2002,91.60,MALE,ADULT
Philippines,2002,93.60,FEMALE,ADULT
Philippines,2002,93.60,MALE,YOUTH
Philippines,2002,96.60,FEMALE,YOUTH
Philippines,2007,95.00,MALE,ADULT
Philippines,2007,95.80,FEMALE,ADULT
Philippines,2007,97.00,MALE,YOUTH
Philippines,2007,98.50,FEMALE,YOUTH
Poland,1977,98.30,FEMALE,ADULT
Poland,1977,99.30,MALE,ADULT
Poland,1977,99.80,FEMALE,YOUTH
Poland,1977,99.80,MALE,YOUTH
Poland,1993,99.10,FEMALE,ADULT
Poland,1993,99.70,MALE,ADULT
Poland,1993,100.00,FEMALE,YOUTH
Poland,1993,100.00,MALE,YOUTH
Poland,2003,99.40,FEMALE,ADULT
Poland,2003,99.80,MALE,ADULT
Poland,2003,100.00,FEMALE,YOUTH
Poland,2003,100.00,MALE,YOUTH
Poland,2010,99.60,FEMALE,ADULT
Poland,2010,99.90,MALE,ADULT
Poland,2010,100.00,FEMALE,YOUTH
Poland,2010,100.00,MALE,YOUTH
Portugal,1980,74.60,FEMALE,ADULT
Portugal,1980,84.80,MALE,ADULT
Portugal,1980,97.70,MALE,YOUTH
Portugal,1980,98.20,FEMALE,YOUTH
Portugal,1990,84.70,FEMALE,ADULT
Portugal,1990,91.60,MALE,ADULT
Portugal,1990,99.10,MALE,YOUTH
Portugal,1990,99.30,FEMALE,YOUTH
Portugal,2010,94.00,FEMALE,ADULT
Portugal,2010,97.00,MALE,ADULT
Portugal,2010,99.70,MALE,YOUTH
Portugal,2010,99.80,FEMALE,YOUTH
Puerto Rico,1979,85.80,FEMALE,ADULT
Puerto Rico,1979,87.80,MALE,ADULT
Puerto Rico,1979,93.00,MALE,YOUTH
Puerto Rico,1979,94.40,FEMALE,YOUTH
Puerto Rico,1989,89.50,MALE,ADULT
Puerto Rico,1989,89.70,FEMALE,ADULT
Puerto Rico,1989,92.20,MALE,YOUTH
Puerto Rico,1989,94.10,FEMALE,YOUTH
Puerto Rico,2003,88.10,MALE,YOUTH
Puerto Rico,2003,89.30,FEMALE,YOUTH
Puerto Rico,2003,90.10,MALE,ADULT
Puerto Rico,2003,91.00,FEMALE,ADULT
Puerto Rico,2010,86.10,MALE,YOUTH
Puerto Rico,2010,87.00,FEMALE,YOUTH
Puerto Rico,2010,89.70,MALE,ADULT
Puerto Rico,2010,90.90,FEMALE,ADULT
Qatar,1985,72.50,FEMALE,ADULT
Qatar,1985,76.80,MALE,ADULT
Qatar,1985,88.50,MALE,YOUTH
Qatar,1985,91.20,FEMALE,YOUTH
Qatar,1996,80.90,FEMALE,ADULT
Qatar,1996,84.20,MALE,ADULT
Qatar,1996,94.10,MALE,YOUTH
Qatar,1996,95.80,FEMALE,YOUTH
Qatar,2003,88.60,FEMALE,ADULT
Qatar,2003,89.10,MALE,ADULT
Qatar,2003,94.90,MALE,YOUTH
Qatar,2003,97.50,FEMALE,YOUTH
Qatar,2006,90.40,FEMALE,ADULT
Qatar,2006,93.80,MALE,ADULT
Qatar,2006,99.00,FEMALE,YOUTH
Qatar,2006,99.10,MALE,YOUTH
Qatar,2007,92.70,FEMALE,ADULT
Qatar,2007,94.30,MALE,ADULT
Qatar,2007,95.30,MALE,YOUTH
Qatar,2007,96.90,FEMALE,YOUTH
Qatar,2008,92.90,FEMALE,ADULT
Qatar,2008,95.10,MALE,ADULT
Qatar,2008,97.70,MALE,YOUTH
Qatar,2008,98.00,FEMALE,YOUTH
Qatar,2009,95.40,FEMALE,ADULT
Qatar,2009,96.30,MALE,YOUTH
Qatar,2009,96.50,MALE,ADULT
Qatar,2009,98.30,FEMALE,YOUTH
Romania,1991,95.00,FEMALE,ADULT
Romania,1991,98.50,MALE,ADULT
Romania,1991,99.00,FEMALE,YOUTH
Romania,1991,99.20,MALE,YOUTH
Romania,2001,96.30,FEMALE,ADULT
Romania,2001,97.70,MALE,YOUTH
Romania,2001,97.80,FEMALE,YOUTH
Romania,2001,98.40,MALE,ADULT
Romania,2010,97.00,MALE,YOUTH
Romania,2010,97.20,FEMALE,ADULT
Romania,2010,97.40,FEMALE,YOUTH
Romania,2010,98.30,MALE,ADULT
Russia,1988,96.80,FEMALE,ADULT
Russia,1988,99.50,MALE,ADULT
Russia,1988,99.70,MALE,YOUTH
Russia,1988,99.80,FEMALE,YOUTH
Russia,2001,99.20,FEMALE,ADULT
Russia,2001,99.70,MALE,ADULT
Russia,2001,99.70,MALE,YOUTH
Russia,2001,99.80,FEMALE,YOUTH
Russia,2009,99.70,FEMALE,ADULT
Russia,2009,99.70,MALE,ADULT
Russia,2009,99.70,MALE,YOUTH
Russia,2009,99.80,FEMALE,YOUTH
Rwanda,1977,26.60,FEMALE,ADULT
Rwanda,1977,44.70,FEMALE,YOUTH
Rwanda,1977,50.80,MALE,ADULT
Rwanda,1977,59.70,MALE,YOUTH
Rwanda,1999,59.80,FEMALE,ADULT
Rwanda,1999,71.40,MALE,ADULT
Rwanda,1999,76.90,FEMALE,YOUTH
Rwanda,1999,78.50,MALE,YOUTH
Rwanda,2009,61.50,FEMALE,ADULT
Rwanda,2009,71.10,MALE,ADULT
Rwanda,2009,76.70,MALE,YOUTH
Rwanda,2009,78.00,FEMALE,YOUTH
Samoa,1990,97.40,FEMALE,ADULT
Samoa,1990,98.40,MALE,ADULT
Samoa,1990,99.00,FEMALE,YOUTH
Samoa,1990,99.10,MALE,YOUTH
Samoa,2003,98.30,FEMALE,ADULT
Samoa,2003,98.80,MALE,ADULT
Samoa,2003,99.30,MALE,YOUTH
Samoa,2003,99.40,FEMALE,YOUTH
Samoa,2010,98.60,FEMALE,ADULT
Samoa,2010,99.00,MALE,ADULT
Samoa,2010,99.40,MALE,YOUTH
Samoa,2010,99.60,FEMALE,YOUTH
Sao Tome and Principe,1980,42.40,FEMALE,ADULT
Sao Tome and Principe,1980,73.10,MALE,ADULT
Sao Tome and Principe,1980,74.10,FEMALE,YOUTH
Sao Tome and Principe,1980,90.80,MALE,YOUTH
Sao Tome and Principe,1990,61.90,FEMALE,ADULT
Sao Tome and Principe,1990,85.30,MALE,ADULT
Sao Tome and Principe,1990,91.80,FEMALE,YOUTH
Sao Tome and Principe,1990,95.80,MALE,YOUTH
Sao Tome and Principe,2000,78.00,FEMALE,ADULT
Sao Tome and Principe,2000,92.20,MALE,ADULT
Sao Tome and Principe,2000,94.80,FEMALE,YOUTH
Sao Tome and Principe,2000,96.00,MALE,YOUTH
Sao Tome and Principe,2007,60.10,FEMALE,ADULT
Sao Tome and Principe,2007,77.30,FEMALE,YOUTH
Sao Tome and Principe,2007,80.30,MALE,ADULT
Sao Tome and Principe,2007,83.10,MALE,YOUTH
Saudi Arabia,1991,57.30,FEMALE,ADULT
Saudi Arabia,1991,80.00,MALE,ADULT
Saudi Arabia,1991,81.10,FEMALE,YOUTH
Saudi Arabia,1991,94.00,MALE,YOUTH
Saudi Arabia,1999,69.30,FEMALE,ADULT
Saudi Arabia,1999,87.10,MALE,ADULT
Saudi Arabia,1999,93.70,FEMALE,YOUTH
Saudi Arabia,1999,98.10,MALE,YOUTH
Saudi Arabia,2003,76.30,FEMALE,ADULT
Saudi Arabia,2003,87.50,MALE,ADULT
Saudi Arabia,2003,94.70,FEMALE,YOUTH
Saudi Arabia,2003,97.00,MALE,YOUTH
Saudi Arabia,2010,82.20,FEMALE,ADULT
Saudi Arabia,2010,90.80,MALE,ADULT
Saudi Arabia,2010,97.00,FEMALE,YOUTH
Saudi Arabia,2010,99.00,MALE,YOUTH
Senegal,1987,17.90,FEMALE,ADULT
Senegal,1987,28.00,FEMALE,YOUTH
Senegal,1987,36.90,MALE,ADULT
Senegal,1987,49.10,MALE,YOUTH
Senegal,2001,29.30,FEMALE,ADULT
Senegal,2001,41.00,FEMALE,YOUTH
Senegal,2001,51.00,MALE,ADULT
Senegal,2001,58.50,MALE,YOUTH
Senegal,2005,33.00,FEMALE,ADULT
Senegal,2005,44.50,FEMALE,YOUTH
Senegal,2005,52.30,MALE,ADULT
Senegal,2005,58.10,MALE,YOUTH
Senegal,2008,38.70,FEMALE,ADULT
Senegal,2008,56.20,FEMALE,YOUTH
Senegal,2008,61.80,MALE,ADULT
Senegal,2008,74.20,MALE,YOUTH
Serbia,2010,96.90,FEMALE,ADULT
Serbia,2010,99.20,MALE,ADULT
Serbia,2010,99.30,FEMALE,YOUTH
Serbia,2010,99.30,MALE,YOUTH
Seychelles,1986,82.90,MALE,ADULT
Seychelles,1986,85.50,FEMALE,ADULT
Seychelles,1986,96.80,MALE,YOUTH
Seychelles,1986,98.50,FEMALE,YOUTH
Seychelles,1993,87.00,MALE,ADULT
Seychelles,1993,88.60,FEMALE,ADULT
Seychelles,1993,98.50,MALE,YOUTH
Seychelles,1993,99.10,FEMALE,YOUTH
Seychelles,2001,91.40,MALE,ADULT
Seychelles,2001,92.30,FEMALE,ADULT
Seychelles,2001,98.80,MALE,YOUTH
Seychelles,2001,99.40,FEMALE,YOUTH
Seychelles,2010,91.40,MALE,ADULT
Seychelles,2010,92.30,FEMALE,ADULT
Seychelles,2010,98.80,MALE,YOUTH
Seychelles,2010,99.40,FEMALE,YOUTH
Sierra Leone,2003,24.20,FEMALE,ADULT
Sierra Leone,2003,37.40,FEMALE,YOUTH
Sierra Leone,2003,46.60,MALE,ADULT
Sierra Leone,2003,59.60,MALE,YOUTH
Sierra Leone,2010,32.60,FEMALE,ADULT
Sierra Leone,2010,52.10,FEMALE,YOUTH
Sierra Leone,2010,54.60,MALE,ADULT
Sierra Leone,2010,70.50,MALE,YOUTH
Singapore,1979,74.00,FEMALE,ADULT
Singapore,1979,91.60,MALE,ADULT
Singapore,1979,96.20,FEMALE,YOUTH
Singapore,1979,96.40,MALE,YOUTH
Singapore,1989,83.00,FEMALE,ADULT
Singapore,1989,95.10,MALE,ADULT
Singapore,1989,98.90,MALE,YOUTH
Singapore,1989,99.10,FEMALE,YOUTH
Singapore,1999,88.70,FEMALE,ADULT
Singapore,1999,96.60,MALE,ADULT
Singapore,1999,99.40,MALE,YOUTH
Singapore,1999,99.60,FEMALE,YOUTH
Singapore,2009,93.80,FEMALE,ADULT
Singapore,2009,98.00,MALE,ADULT
Singapore,2009,99.70,MALE,YOUTH
Singapore,2009,99.80,FEMALE,YOUTH
Slovenia,1990,99.50,FEMALE,ADULT
Slovenia,1990,99.60,MALE,ADULT
Slovenia,1990,99.70,MALE,YOUTH
Slovenia,1990,99.80,FEMALE,YOUTH
Slovenia,2003,99.60,FEMALE,ADULT
Slovenia,2003,99.70,MALE,ADULT
Slovenia,2003,99.80,MALE,YOUTH
Slovenia,2003,99.90,FEMALE,YOUTH
Slovenia,2010,99.70,FEMALE,ADULT
Slovenia,2010,99.70,MALE,ADULT
Slovenia,2010,99.80,MALE,YOUTH
Slovenia,2010,99.90,FEMALE,YOUTH
South Africa,1979,74.80,FEMALE,ADULT
South Africa,1979,77.50,MALE,ADULT
South Africa,1979,85.00,FEMALE,YOUTH
South Africa,1979,85.30,MALE,YOUTH
South Africa,1995,80.90,FEMALE,ADULT
South Africa,1995,84.10,MALE,ADULT
South Africa,1995,93.50,MALE,YOUTH
South Africa,1995,94.30,FEMALE,YOUTH
South Africa,2006,87.00,FEMALE,ADULT
South Africa,2006,90.70,MALE,ADULT
South Africa,2006,97.00,MALE,YOUTH
South Africa,2006,98.10,FEMALE,YOUTH
South Africa,2010,92.20,FEMALE,ADULT
South Africa,2010,93.90,MALE,ADULT
South Africa,2010,98.40,MALE,YOUTH
South Africa,2010,99.20,FEMALE,YOUTH
Spain,1980,89.90,FEMALE,ADULT
Spain,1980,95.90,MALE,ADULT
Spain,1980,98.60,FEMALE,YOUTH
Spain,1980,98.60,MALE,YOUTH
Spain,1990,95.00,FEMALE,ADULT
Spain,1990,98.00,MALE,ADULT
Spain,1990,99.50,MALE,YOUTH
Spain,1990,99.60,FEMALE,YOUTH
Spain,2004,96.90,FEMALE,ADULT
Spain,2004,98.60,MALE,ADULT
Spain,2004,99.50,FEMALE,YOUTH
Spain,2004,99.60,MALE,YOUTH
Spain,2006,97.30,FEMALE,ADULT
Spain,2006,98.60,MALE,ADULT
Spain,2006,99.60,FEMALE,YOUTH
Spain,2006,99.60,MALE,YOUTH
Spain,2007,96.90,FEMALE,ADULT
Spain,2007,98.40,MALE,ADULT
Spain,2007,99.50,MALE,YOUTH
Spain,2007,99.60,FEMALE,YOUTH
Spain,2008,96.90,FEMALE,ADULT
Spain,2008,98.50,MALE,ADULT
Spain,2008,99.60,FEMALE,YOUTH
Spain,2008,99.60,MALE,YOUTH
Spain,2009,97.00,FEMALE,ADULT
Spain,2009,98.50,MALE,ADULT
Spain,2009,99.50,MALE,YOUTH
Spain,2009,99.70,FEMALE,YOUTH
Sri Lanka,1980,82.00,FEMALE,ADULT
Sri Lanka,1980,90.20,FEMALE,YOUTH
Sri Lanka,1980,91.30,MALE,ADULT
Sri Lanka,1980,91.90,MALE,YOUTH
Sri Lanka,2000,89.10,FEMALE,ADULT
Sri Lanka,2000,92.30,MALE,ADULT
Sri Lanka,2000,95.10,MALE,YOUTH
Sri Lanka,2000,96.10,FEMALE,YOUTH
Sri Lanka,2005,89.10,FEMALE,ADULT
Sri Lanka,2005,92.70,MALE,ADULT
Sri Lanka,2005,97.00,MALE,YOUTH
Sri Lanka,2005,97.90,FEMALE,YOUTH
Sri Lanka,2007,89.10,FEMALE,ADULT
Sri Lanka,2007,92.20,MALE,ADULT
Sri Lanka,2007,97.30,MALE,YOUTH
Sri Lanka,2007,98.60,FEMALE,YOUTH
Sri Lanka,2009,90.00,FEMALE,ADULT
Sri Lanka,2009,92.60,MALE,ADULT
Sri Lanka,2009,97.70,MALE,YOUTH
Sri Lanka,2009,98.60,FEMALE,YOUTH
Sudan,1999,52.10,FEMALE,ADULT
Sudan,1999,71.60,MALE,ADULT
Sudan,1999,72.30,FEMALE,YOUTH
Sudan,1999,85.70,MALE,YOUTH
Sudan,2010,63.20,FEMALE,ADULT
Sudan,2010,80.70,MALE,ADULT
Sudan,2010,84.50,FEMALE,YOUTH
Sudan,2010,90.00,MALE,YOUTH
Suriname,2003,87.20,FEMALE,ADULT
Suriname,2003,92.00,MALE,ADULT
Suriname,2003,94.10,FEMALE,YOUTH
Suriname,2003,95.60,MALE,YOUTH
Suriname,2007,93.80,FEMALE,ADULT
Suriname,2007,95.50,MALE,ADULT
Suriname,2007,99.40,MALE,YOUTH
Suriname,2007,99.50,FEMALE,YOUTH
Suriname,2009,94.00,FEMALE,ADULT
Suriname,2009,95.40,MALE,ADULT
Suriname,2009,98.00,MALE,YOUTH
Suriname,2009,98.80,FEMALE,YOUTH
Syria,1980,37.10,FEMALE,ADULT
Syria,1980,59.00,FEMALE,YOUTH
Syria,1980,73.60,MALE,ADULT
Syria,1980,88.80,MALE,YOUTH
Syria,2001,74.20,FEMALE,ADULT
Syria,2001,91.00,MALE,ADULT
Syria,2001,93.00,FEMALE,YOUTH
Syria,2001,97.10,MALE,YOUTH
Syria,2003,73.60,FEMALE,ADULT
Syria,2003,87.80,MALE,ADULT
Syria,2003,90.20,FEMALE,YOUTH
Syria,2003,94.60,MALE,YOUTH
Syria,2010,77.80,FEMALE,ADULT
Syria,2010,90.30,MALE,ADULT
Syria,2010,94.10,FEMALE,YOUTH
Syria,2010,96.40,MALE,YOUTH
Tajikistan,1988,96.60,FEMALE,ADULT
Tajikistan,1988,98.80,MALE,ADULT
Tajikistan,1988,99.70,FEMALE,YOUTH
Tajikistan,1988,99.70,MALE,YOUTH
Tajikistan,1999,99.20,FEMALE,ADULT
Tajikistan,1999,99.70,MALE,ADULT
Tajikistan,1999,99.80,FEMALE,YOUTH
Tajikistan,1999,99.80,MALE,YOUTH
Tajikistan,2010,99.60,FEMALE,ADULT
Tajikistan,2010,99.80,MALE,ADULT
Tajikistan,2010,99.90,FEMALE,YOUTH
Tajikistan,2010,99.90,MALE,YOUTH
Tanzania,1987,48.10,FEMALE,ADULT
Tanzania,1987,71.40,MALE,ADULT
Tanzania,1987,77.90,FEMALE,YOUTH
Tanzania,1987,86.20,MALE,YOUTH
Tanzania,2001,62.20,FEMALE,ADULT
Tanzania,2001,76.20,FEMALE,YOUTH
Tanzania,2001,77.50,MALE,ADULT
Tanzania,2001,80.90,MALE,YOUTH
Tanzania,2009,60.80,FEMALE,ADULT
Tanzania,2009,72.80,FEMALE,YOUTH
Tanzania,2009,75.50,MALE,ADULT
Tanzania,2009,76.50,MALE,YOUTH
Thailand,1979,83.90,FEMALE,ADULT
Thailand,1979,92.20,MALE,ADULT
Thailand,1979,96.20,FEMALE,YOUTH
Thailand,1979,97.60,MALE,YOUTH
Thailand,1999,90.50,FEMALE,ADULT
Thailand,1999,94.90,MALE,ADULT
Thailand,1999,97.80,FEMALE,YOUTH
Thailand,1999,98.10,MALE,YOUTH
Thailand,2004,91.50,FEMALE,ADULT
Thailand,2004,95.60,MALE,ADULT
Thailand,2004,97.90,FEMALE,YOUTH
Thailand,2004,98.20,MALE,YOUTH
Timor-Leste,2000,30.00,FEMALE,ADULT
Timor-Leste,2000,45.30,MALE,ADULT
Timor-Leste,2006,42.50,FEMALE,ADULT
Timor-Leste,2006,58.50,MALE,ADULT
Timor-Leste,2009,53.00,FEMALE,ADULT
Timor-Leste,2009,63.60,MALE,ADULT
Timor-Leste,2009,78.60,FEMALE,YOUTH
Timor-Leste,2009,80.50,MALE,YOUTH
Togo,1999,38.50,FEMALE,ADULT
Togo,1999,63.50,FEMALE,YOUTH
Togo,1999,68.70,MALE,ADULT
Togo,1999,83.80,MALE,YOUTH
Togo,2005,44.40,FEMALE,ADULT
Togo,2005,67.90,FEMALE,YOUTH
Togo,2005,70.30,MALE,ADULT
Togo,2005,84.90,MALE,YOUTH
Togo,2008,43.60,FEMALE,ADULT
Togo,2008,71.20,MALE,ADULT
Togo,2008,74.60,FEMALE,YOUTH
Togo,2008,87.60,MALE,YOUTH
Togo,2010,48.00,FEMALE,ADULT
Togo,2010,72.70,FEMALE,YOUTH
Togo,2010,74.10,MALE,ADULT
Togo,2010,86.90,MALE,YOUTH
Tonga,1975,99.50,FEMALE,ADULT
Tonga,1975,99.70,MALE,ADULT
Tonga,1975,99.80,FEMALE,YOUTH
Tonga,1975,99.80,MALE,YOUTH
Tonga,1995,98.80,MALE,ADULT
Tonga,1995,99.00,FEMALE,ADULT
Tonga,1995,99.30,FEMALE,YOUTH
Tonga,1995,99.30,MALE,YOUTH
Tonga,2005,99.00,MALE,ADULT
Tonga,2005,99.10,FEMALE,ADULT
Tonga,2005,99.30,MALE,YOUTH
Tonga,2005,99.60,FEMALE,YOUTH
Trinidad and Tobago,1979,93.50,FEMALE,ADULT
Trinidad and Tobago,1979,96.50,MALE,ADULT
Trinidad and Tobago,1979,99.20,FEMALE,YOUTH
Trinidad and Tobago,1979,99.20,MALE,YOUTH
Trinidad and Tobago,1989,95.70,FEMALE,ADULT
Trinidad and Tobago,1989,98.00,MALE,ADULT
Trinidad and Tobago,1989,99.30,FEMALE,YOUTH
Trinidad and Tobago,1989,99.30,MALE,YOUTH
Trinidad and Tobago,2003,97.80,FEMALE,ADULT
Trinidad and Tobago,2003,99.00,MALE,ADULT
Trinidad and Tobago,2003,99.50,FEMALE,YOUTH
Trinidad and Tobago,2003,99.50,MALE,YOUTH
Trinidad and Tobago,2010,98.50,FEMALE,ADULT
Trinidad and Tobago,2010,99.20,MALE,ADULT
Trinidad and Tobago,2010,99.60,FEMALE,YOUTH
Trinidad and Tobago,2010,99.60,MALE,YOUTH
Tunisia,1983,35.80,FEMALE,ADULT
Tunisia,1983,60.40,MALE,ADULT
Tunisia,1983,62.50,FEMALE,YOUTH
Tunisia,1983,85.70,MALE,YOUTH
Tunisia,1993,48.20,FEMALE,ADULT
Tunisia,1993,70.20,MALE,ADULT
Tunisia,1993,75.10,FEMALE,YOUTH
Tunisia,1993,90.40,MALE,YOUTH
Tunisia,2003,65.30,FEMALE,ADULT
Tunisia,2003,83.40,MALE,ADULT
Tunisia,2003,92.20,FEMALE,YOUTH
Tunisia,2003,96.40,MALE,YOUTH
Tunisia,2006,68.50,FEMALE,ADULT
Tunisia,2006,86.00,MALE,ADULT
Tunisia,2006,94.70,FEMALE,YOUTH
Tunisia,2006,97.80,MALE,YOUTH
Tunisia,2007,71.00,FEMALE,ADULT
Tunisia,2007,86.40,MALE,ADULT
Tunisia,2007,95.80,FEMALE,YOUTH
Tunisia,2007,98.10,MALE,YOUTH
Tunisia,2009,71.10,FEMALE,ADULT
Tunisia,2009,87.40,MALE,ADULT
Tunisia,2009,96.10,FEMALE,YOUTH
Tunisia,2009,98.20,MALE,YOUTH
Turkey,1974,45.10,FEMALE,ADULT
Turkey,1974,68.30,FEMALE,YOUTH
Turkey,1974,77.50,MALE,ADULT
Turkey,1974,90.80,MALE,YOUTH
Turkey,1979,49.80,FEMALE,ADULT
Turkey,1979,75.20,FEMALE,YOUTH
Turkey,1979,81.50,MALE,ADULT
Turkey,1979,93.60,MALE,YOUTH
Turkey,1984,64.20,FEMALE,ADULT
Turkey,1984,86.00,FEMALE,YOUTH
Turkey,1984,87.60,MALE,ADULT
Turkey,1984,95.70,MALE,YOUTH
Turkey,1989,68.50,FEMALE,ADULT
Turkey,1989,88.40,FEMALE,YOUTH
Turkey,1989,89.80,MALE,ADULT
Turkey,1989,96.60,MALE,YOUTH
Turkey,2003,79.60,FEMALE,ADULT
Turkey,2003,93.30,FEMALE,YOUTH
Turkey,2003,95.30,MALE,ADULT
Turkey,2003,98.00,MALE,YOUTH
Turkey,2004,80.50,FEMALE,ADULT
Turkey,2004,94.00,FEMALE,YOUTH
Turkey,2004,96.00,MALE,ADULT
Turkey,2004,98.40,MALE,YOUTH
Turkey,2005,80.40,FEMALE,ADULT
Turkey,2005,94.10,FEMALE,YOUTH
Turkey,2005,96.00,MALE,ADULT
Turkey,2005,98.40,MALE,YOUTH
Turkey,2006,81.30,FEMALE,ADULT
Turkey,2006,94.30,FEMALE,YOUTH
Turkey,2006,96.20,MALE,ADULT
Turkey,2006,98.60,MALE,YOUTH
Turkey,2008,85.30,FEMALE,ADULT
Turkey,2008,96.40,MALE,ADULT
Turkey,2008,96.60,FEMALE,YOUTH
Turkey,2008,99.00,MALE,YOUTH
Turkey,2009,88.10,FEMALE,ADULT
Turkey,2009,97.20,FEMALE,YOUTH
Turkey,2009,97.30,MALE,ADULT
Turkey,2009,99.20,MALE,YOUTH
Turkey,2010,90.30,FEMALE,ADULT
Turkey,2010,97.90,FEMALE,YOUTH
Turkey,2010,97.90,MALE,ADULT
Turkey,2010,99.50,MALE,YOUTH
Turkmenistan,1994,98.30,FEMALE,ADULT
Turkmenistan,1994,99.30,MALE,ADULT
Turkmenistan,1994,99.80,FEMALE,YOUTH
Turkmenistan,1994,99.80,MALE,YOUTH
Turkmenistan,2010,99.50,FEMALE,ADULT
Turkmenistan,2010,99.70,MALE,ADULT
Turkmenistan,2010,99.80,MALE,YOUTH
Turkmenistan,2010,99.90,FEMALE,YOUTH
Uganda,1990,44.80,FEMALE,ADULT
Uganda,1990,63.10,FEMALE,YOUTH
Uganda,1990,68.20,MALE,ADULT
Uganda,1990,77.20,MALE,YOUTH
Uganda,2001,58.90,FEMALE,ADULT
Uganda,2001,76.20,FEMALE,YOUTH
Uganda,2001,78.30,MALE,ADULT
Uganda,2001,86.00,MALE,YOUTH
Uganda,2005,62.10,FEMALE,ADULT
Uganda,2005,81.10,FEMALE,YOUTH
Uganda,2005,81.40,MALE,ADULT
Uganda,2005,87.30,MALE,YOUTH
Uganda,2009,64.60,FEMALE,ADULT
Uganda,2009,82.60,MALE,ADULT
Uganda,2009,85.50,FEMALE,YOUTH
Uganda,2009,89.60,MALE,YOUTH
Ukraine,2000,99.20,FEMALE,ADULT
Ukraine,2000,99.70,MALE,ADULT
Ukraine,2000,99.80,FEMALE,YOUTH
Ukraine,2000,99.80,MALE,YOUTH
Ukraine,2010,99.70,FEMALE,ADULT
Ukraine,2010,99.70,MALE,YOUTH
Ukraine,2010,99.80,FEMALE,YOUTH
Ukraine,2010,99.80,MALE,ADULT
United Arab Emirates,1974,38.10,FEMALE,ADULT
United Arab Emirates,1974,56.30,FEMALE,YOUTH
United Arab Emirates,1974,58.40,MALE,ADULT
United Arab Emirates,1974,65.50,MALE,YOUTH
United Arab Emirates,1984,68.70,FEMALE,ADULT
United Arab Emirates,1984,72.30,MALE,ADULT
United Arab Emirates,1984,81.00,MALE,YOUTH
United Arab Emirates,1984,84.50,FEMALE,YOUTH
United Arab Emirates,2004,89.50,MALE,ADULT
United Arab Emirates,2004,91.50,FEMALE,ADULT
United Arab Emirates,2004,93.60,MALE,YOUTH
United Arab Emirates,2004,97.00,FEMALE,YOUTH
Uruguay,1974,93.40,MALE,ADULT
Uruguay,1974,94.30,FEMALE,ADULT
Uruguay,1974,97.70,MALE,YOUTH
Uruguay,1974,98.80,FEMALE,YOUTH
Uruguay,1984,94.80,MALE,ADULT
Uruguay,1984,95.90,FEMALE,ADULT
Uruguay,1984,98.30,MALE,YOUTH
Uruguay,1984,99.00,FEMALE,YOUTH
Uruguay,1995,96.20,MALE,ADULT
Uruguay,1995,97.30,FEMALE,ADULT
Uruguay,1995,98.20,MALE,YOUTH
Uruguay,1995,99.00,FEMALE,YOUTH
Uruguay,2005,97.40,MALE,ADULT
Uruguay,2005,98.10,FEMALE,ADULT
Uruguay,2005,98.30,MALE,YOUTH
Uruguay,2005,99.10,FEMALE,YOUTH
Uruguay,2006,97.40,MALE,ADULT
Uruguay,2006,98.20,FEMALE,ADULT
Uruguay,2006,98.50,MALE,YOUTH
Uruguay,2006,99.00,FEMALE,YOUTH
Uruguay,2007,97.80,MALE,ADULT
Uruguay,2007,98.50,FEMALE,ADULT
Uruguay,2007,98.60,MALE,YOUTH
Uruguay,2007,99.30,FEMALE,YOUTH
Uruguay,2008,97.60,MALE,ADULT
Uruguay,2008,98.10,MALE,YOUTH
Uruguay,2008,98.60,FEMALE,ADULT
Uruguay,2008,99.60,FEMALE,YOUTH
Uruguay,2009,97.60,MALE,ADULT
Uruguay,2009,98.40,MALE,YOUTH
Uruguay,2009,98.50,FEMALE,ADULT
Uruguay,2009,99.20,FEMALE,YOUTH
Uzbekistan,1999,98.10,FEMALE,ADULT
Uzbekistan,1999,99.20,MALE,ADULT
Uzbekistan,1999,99.80,MALE,YOUTH
Uzbekistan,1999,99.90,FEMALE,YOUTH
Uzbekistan,2010,99.20,FEMALE,ADULT
Uzbekistan,2010,99.60,MALE,ADULT
Uzbekistan,2010,99.90,MALE,YOUTH
Uzbekistan,2010,100.00,FEMALE,YOUTH
Vanuatu,1978,47.80,FEMALE,ADULT
Vanuatu,1978,57.30,MALE,ADULT
Vanuatu,1978,67.60,FEMALE,YOUTH
Vanuatu,1978,75.70,MALE,YOUTH
Vanuatu,1993,65.50,FEMALE,ADULT
Vanuatu,1993,71.30,MALE,ADULT
Vanuatu,1993,85.20,FEMALE,YOUTH
Vanuatu,1993,87.30,MALE,YOUTH
Vanuatu,2003,76.00,FEMALE,ADULT
Vanuatu,2003,80.10,MALE,ADULT
Vanuatu,2003,91.90,FEMALE,YOUTH
Vanuatu,2003,92.10,MALE,YOUTH
Vanuatu,2010,81.50,FEMALE,ADULT
Vanuatu,2010,84.80,MALE,ADULT
Vanuatu,2010,94.40,MALE,YOUTH
Vanuatu,2010,94.80,FEMALE,YOUTH
Venezuela,1980,83.00,FEMALE,ADULT
Venezuela,1980,86.50,MALE,ADULT
Venezuela,1980,92.30,MALE,YOUTH
Venezuela,1980,93.90,FEMALE,YOUTH
Venezuela,1989,89.00,FEMALE,ADULT
Venezuela,1989,90.70,MALE,ADULT
Venezuela,1989,94.50,MALE,YOUTH
Venezuela,1989,96.40,FEMALE,YOUTH
Venezuela,2000,92.70,FEMALE,ADULT
Venezuela,2000,93.30,MALE,ADULT
Venezuela,2000,96.30,MALE,YOUTH
Venezuela,2000,98.10,FEMALE,YOUTH
Venezuela,2006,94.90,FEMALE,ADULT
Venezuela,2006,95.40,MALE,ADULT
Venezuela,2006,98.00,MALE,YOUTH
Venezuela,2006,98.80,FEMALE,YOUTH
Venezuela,2008,95.30,FEMALE,ADULT
Venezuela,2008,95.70,MALE,ADULT
Venezuela,2008,98.30,MALE,YOUTH
Venezuela,2008,98.80,FEMALE,YOUTH
Vietnam,1978,78.10,FEMALE,ADULT
Vietnam,1978,90.40,MALE,ADULT
Vietnam,1978,94.00,FEMALE,YOUTH
Vietnam,1978,96.10,MALE,YOUTH
Vietnam,1988,82.80,FEMALE,ADULT
Vietnam,1988,93.00,MALE,ADULT
Vietnam,1988,93.40,FEMALE,YOUTH
Vietnam,1988,94.10,MALE,YOUTH
Vietnam,1998,86.90,FEMALE,ADULT
Vietnam,1998,93.60,FEMALE,YOUTH
Vietnam,1998,93.90,MALE,ADULT
Vietnam,1998,94.20,MALE,YOUTH
Vietnam,1999,86.60,FEMALE,ADULT
Vietnam,1999,93.90,MALE,ADULT
Vietnam,1999,94.10,FEMALE,YOUTH
Vietnam,1999,95.60,MALE,YOUTH
Vietnam,2010,91.40,FEMALE,ADULT
Vietnam,2010,95.40,MALE,ADULT
Vietnam,2010,96.70,FEMALE,YOUTH
Vietnam,2010,97.50,MALE,YOUTH
Yemen,1993,17.10,FEMALE,ADULT
Yemen,1993,35.40,FEMALE,YOUTH
Yemen,1993,56.70,MALE,ADULT
Yemen,1993,82.80,MALE,YOUTH
Yemen,2003,35.50,FEMALE,ADULT
Yemen,2003,60.50,FEMALE,YOUTH
Yemen,2003,74.30,MALE,ADULT
Yemen,2003,92.80,MALE,YOUTH
Yemen,2010,48.50,FEMALE,ADULT
Yemen,2010,76.00,FEMALE,YOUTH
Yemen,2010,82.10,MALE,ADULT
Yemen,2010,96.40,MALE,YOUTH
Zambia,1989,57.40,FEMALE,ADULT
Zambia,1989,65.50,FEMALE,YOUTH
Zambia,1989,67.30,MALE,YOUTH
Zambia,1989,73.00,MALE,ADULT
Zambia,1998,59.80,FEMALE,ADULT
Zambia,1998,66.20,FEMALE,YOUTH
Zambia,1998,72.60,MALE,YOUTH
Zambia,1998,76.30,MALE,ADULT
Zambia,2001,61.80,FEMALE,ADULT
Zambia,2001,66.30,FEMALE,YOUTH
Zambia,2001,77.70,MALE,YOUTH
Zambia,2001,80.90,MALE,ADULT
Zambia,2006,51.80,FEMALE,ADULT
Zambia,2006,58.50,FEMALE,YOUTH
Zambia,2006,70.30,MALE,YOUTH
Zambia,2006,72.00,MALE,ADULT
Zimbabwe,1981,71.80,FEMALE,ADULT
Zimbabwe,1981,84.20,MALE,ADULT
Zimbabwe,1981,84.80,FEMALE,YOUTH
Zimbabwe,1981,93.80,MALE,YOUTH
Zimbabwe,1991,78.50,FEMALE,ADULT
Zimbabwe,1991,88.90,MALE,ADULT
Zimbabwe,1991,94.30,FEMALE,YOUTH
Zimbabwe,1991,96.50,MALE,YOUTH
Zimbabwe,2010,80.10,FEMALE,ADULT
Zimbabwe,2010,87.80,MALE,ADULT
Zimbabwe,2010,89.60,MALE,YOUTH
Zimbabwe,2010,92.10,FEMALE,YOUTH
