Afghanistan,2009,450.00
Afghanistan,2010,510.00
Afghanistan,2011,530.00
Afghanistan,2012,630.00
Afghanistan,2013,650.00
Afghanistan,2014,630.00
Afghanistan,2015,590.00
Afghanistan,2016,550.00
Afghanistan,2017,530.00
Afghanistan,2018,510.00
Afghanistan,2019,520.00
Afghanistan,2020,500.00
Africa Eastern and Southern,1983,630.00
Africa Eastern and Southern,1984,601.35
Africa Eastern and Southern,1985,536.35
Africa Eastern and Southern,1986,531.62
Africa Eastern and Southern,1987,589.93
Africa Eastern and Southern,1988,679.23
Africa Eastern and Southern,1989,721.71
Africa Eastern and Southern,1990,729.89
Africa Eastern and Southern,1991,768.67
Africa Eastern and Southern,1992,718.63
Africa Eastern and Southern,1993,709.45
Africa Eastern and Southern,1994,698.79
Africa Eastern and Southern,1995,733.44
Africa Eastern and Southern,1996,748.77
Africa Eastern and Southern,1997,751.77
Africa Eastern and Southern,1998,693.82
Africa Eastern and Southern,1999,671.95
Africa Eastern and Southern,2000,666.74
Africa Eastern and Southern,2001,639.67
Africa Eastern and Southern,2002,624.36
Africa Eastern and Southern,2003,674.49
Africa Eastern and Southern,2004,820.91
Africa Western and Central,1962,113.68
Africa Western and Central,1963,122.15
Africa Western and Central,1964,128.21
Africa Western and Central,1965,133.15
Africa Western and Central,1966,136.07
Africa Western and Central,1967,128.79
Africa Western and Central,1968,130.42
Africa Western and Central,1969,143.03
Africa Western and Central,1970,170.46
Africa Western and Central,1971,179.00
Africa Western and Central,1972,192.91
Africa Western and Central,1973,216.29
Africa Western and Central,1974,300.84
Africa Western and Central,1975,358.21
Africa Western and Central,1976,422.64
Africa Western and Central,1977,455.23
Africa Western and Central,1978,478.74
Africa Western and Central,1979,558.91
Africa Western and Central,1980,646.02
Africa Western and Central,1981,762.95
Africa Western and Central,1982,876.47
Africa Western and Central,1983,925.19
Africa Western and Central,1984,757.91
Africa Western and Central,1985,685.77
Africa Western and Central,1986,623.02
Africa Western and Central,1987,614.86
Africa Western and Central,1988,630.14
Africa Western and Central,1989,563.57
Africa Western and Central,1990,556.06
Africa Western and Central,1991,541.62
Africa Western and Central,1992,552.71
Africa Western and Central,1993,471.93
Africa Western and Central,1994,416.30
Africa Western and Central,1995,407.93
Africa Western and Central,1996,427.10
Africa Western and Central,1997,465.58
Africa Western and Central,1998,463.58
Africa Western and Central,1999,465.94
Africa Western and Central,2000,456.08
Africa Western and Central,2001,480.25
Africa Western and Central,2002,525.04
Africa Western and Central,2003,587.69
Africa Western and Central,2004,714.62
Africa Western and Central,2005,844.72
Albania,1986,700.00
Albania,1987,730.00
Albania,1988,730.00
Albania,1989,760.00
Albania,1990,650.00
Albania,1991,410.00
Albania,1992,280.00
Albania,1993,320.00
Albania,1994,380.00
Albania,1995,640.00
Albania,1996,890.00
Albania,1997,800.00
Albania,1998,860.00
Albania,1999,950.00
Algeria,1962,190.00
Algeria,1963,230.00
Algeria,1964,240.00
Algeria,1965,250.00
Algeria,1966,230.00
Algeria,1967,250.00
Algeria,1968,280.00
Algeria,1969,310.00
Algeria,1970,330.00
Algeria,1971,320.00
Algeria,1972,440.00
Algeria,1973,530.00
Algeria,1974,710.00
Algeria,1975,910.00
Angola,1985,590.00
Angola,1986,680.00
Angola,1987,660.00
Angola,1988,650.00
Angola,1989,850.00
Angola,1990,780.00
Angola,1991,900.00
Angola,1992,330.00
Angola,1993,290.00
Angola,1994,180.00
Angola,1995,370.00
Angola,1996,360.00
Angola,1997,450.00
Angola,1998,410.00
Angola,1999,330.00
Angola,2000,360.00
Angola,2001,390.00
Angola,2002,590.00
Angola,2003,710.00
Armenia,1992,310.00
Armenia,1993,360.00
Armenia,1994,400.00
Armenia,1995,470.00
Armenia,1996,520.00
Armenia,1997,560.00
Armenia,1998,590.00
Armenia,1999,610.00
Armenia,2000,660.00
Armenia,2001,710.00
Armenia,2002,800.00
Armenia,2003,960.00
Azerbaijan,1993,110.00
Azerbaijan,1994,80.00
Azerbaijan,1995,180.00
Azerbaijan,1996,240.00
Azerbaijan,1997,410.00
Azerbaijan,1998,510.00
Azerbaijan,1999,600.00
Azerbaijan,2000,630.00
Azerbaijan,2001,680.00
Azerbaijan,2002,740.00
Azerbaijan,2003,840.00
Azerbaijan,2004,960.00
Bangladesh,1973,120.00
Bangladesh,1974,160.00
Bangladesh,1975,210.00
Bangladesh,1976,200.00
Bangladesh,1977,170.00
Bangladesh,1978,170.00
Bangladesh,1979,190.00
Bangladesh,1980,230.00
Bangladesh,1981,260.00
Bangladesh,1982,250.00
Bangladesh,1983,230.00
Bangladesh,1984,220.00
Bangladesh,1985,230.00
Bangladesh,1986,250.00
Bangladesh,1987,280.00
Bangladesh,1988,290.00
Bangladesh,1989,300.00
Bangladesh,1990,320.00
Bangladesh,1991,320.00
Bangladesh,1992,330.00
Bangladesh,1993,320.00
Bangladesh,1994,320.00
Bangladesh,1995,340.00
Bangladesh,1996,370.00
Bangladesh,1997,400.00
Bangladesh,1998,420.00
Bangladesh,1999,420.00
Bangladesh,2000,440.00
Bangladesh,2001,440.00
Bangladesh,2002,440.00
Bangladesh,2003,460.00
Bangladesh,2004,510.00
Bangladesh,2005,550.00
Bangladesh,2006,570.00
Bangladesh,2007,610.00
Bangladesh,2008,660.00
Bangladesh,2009,730.00
Bangladesh,2010,800.00
Bangladesh,2011,890.00
Bangladesh,2012,970.00
Belize,1962,330.00
Belize,1963,340.00
Belize,1964,350.00
Belize,1965,370.00
Belize,1966,390.00
Belize,1967,420.00
Belize,1968,420.00
Belize,1969,420.00
Belize,1970,420.00
Belize,1971,450.00
Belize,1972,520.00
Belize,1973,600.00
Belize,1974,730.00
Belize,1975,840.00
Belize,1976,800.00
Belize,1977,850.00
Belize,1978,930.00
Benin,1962,90.00
Benin,1963,100.00
Benin,1964,110.00
Benin,1965,110.00
Benin,1966,110.00
Benin,1967,120.00
Benin,1968,120.00
Benin,1969,120.00
Benin,1970,120.00
Benin,1971,120.00
Benin,1972,130.00
Benin,1973,160.00
Benin,1974,190.00
Benin,1975,200.00
Benin,1976,210.00
Benin,1977,230.00
Benin,1978,250.00
Benin,1979,310.00
Benin,1980,390.00
Benin,1981,410.00
Benin,1982,360.00
Benin,1983,290.00
Benin,1984,270.00
Benin,1985,260.00
Benin,1986,270.00
Benin,1987,310.00
Benin,1988,360.00
Benin,1989,340.00
Benin,1990,370.00
Benin,1991,380.00
Benin,1992,370.00
Benin,1993,380.00
Benin,1994,330.00
Benin,1995,360.00
Benin,1996,350.00
Benin,1997,380.00
Benin,1998,370.00
Benin,1999,410.00
Benin,2000,480.00
Benin,2001,530.00
Benin,2002,530.00
Benin,2003,600.00
Benin,2004,730.00
Benin,2005,820.00
Benin,2006,860.00
Benin,2007,920.00
Bhutan,1982,270.00
Bhutan,1983,250.00
Bhutan,1984,280.00
Bhutan,1985,280.00
Bhutan,1986,330.00
Bhutan,1987,470.00
Bhutan,1988,520.00
Bhutan,1989,550.00
Bhutan,1990,560.00
Bhutan,1991,480.00
Bhutan,1992,450.00
Bhutan,1993,420.00
Bhutan,1994,450.00
Bhutan,1995,460.00
Bhutan,1996,510.00
Bhutan,1997,550.00
Bhutan,1998,530.00
Bhutan,1999,560.00
Bhutan,2000,700.00
Bhutan,2001,750.00
Bhutan,2002,810.00
Bhutan,2003,910.00
Bolivia,1976,550.00
Bolivia,1977,580.00
Bolivia,1978,650.00
Bolivia,1979,760.00
Bolivia,1980,820.00
Bolivia,1981,900.00
Bolivia,1982,860.00
Bolivia,1983,840.00
Bolivia,1984,850.00
Bolivia,1985,840.00
Bolivia,1986,740.00
Bolivia,1987,710.00
Bolivia,1988,710.00
Bolivia,1989,720.00
Bolivia,1990,720.00
Bolivia,1991,740.00
Bolivia,1992,770.00
Bolivia,1993,790.00
Bolivia,1994,810.00
Bolivia,1995,850.00
Bolivia,1996,900.00
Bolivia,1997,950.00
Bolivia,1998,990.00
Bolivia,1999,980.00
Bolivia,2000,980.00
Bolivia,2001,950.00
Bolivia,2002,920.00
Bolivia,2003,910.00
Bolivia,2004,950.00
Bosnia and Herzegovina,1996,760.00
Botswana,1962,80.00
Botswana,1963,80.00
Botswana,1964,90.00
Botswana,1965,90.00
Botswana,1966,100.00
Botswana,1967,100.00
Botswana,1968,120.00
Botswana,1969,140.00
Botswana,1970,160.00
Botswana,1971,200.00
Botswana,1972,260.00
Botswana,1973,350.00
Botswana,1974,440.00
Botswana,1975,520.00
Botswana,1976,540.00
Botswana,1977,580.00
Botswana,1978,690.00
Botswana,1979,890.00
Brazil,1966,270.00
Brazil,1967,320.00
Brazil,1968,380.00
Brazil,1969,420.00
Brazil,1970,450.00
Brazil,1971,510.00
Brazil,1972,590.00
Brazil,1973,730.00
Brazil,1974,960.00
Burkina Faso,1962,80.00
Burkina Faso,1963,80.00
Burkina Faso,1964,80.00
Burkina Faso,1965,80.00
Burkina Faso,1966,80.00
Burkina Faso,1967,90.00
Burkina Faso,1968,90.00
Burkina Faso,1969,90.00
Burkina Faso,1970,90.00
Burkina Faso,1971,90.00
Burkina Faso,1972,90.00
Burkina Faso,1973,110.00
Burkina Faso,1974,140.00
Burkina Faso,1975,160.00
Burkina Faso,1976,170.00
Burkina Faso,1977,170.00
Burkina Faso,1978,200.00
Burkina Faso,1979,250.00
Burkina Faso,1980,300.00
Burkina Faso,1981,300.00
Burkina Faso,1982,280.00
Burkina Faso,1983,240.00
Burkina Faso,1984,210.00
Burkina Faso,1985,210.00
Burkina Faso,1986,240.00
Burkina Faso,1987,270.00
Burkina Faso,1988,330.00
Burkina Faso,1989,330.00
Burkina Faso,1990,330.00
Burkina Faso,1991,360.00
Burkina Faso,1992,370.00
Burkina Faso,1993,360.00
Burkina Faso,1994,280.00
Burkina Faso,1995,250.00
Burkina Faso,1996,250.00
Burkina Faso,1997,250.00
Burkina Faso,1998,250.00
Burkina Faso,1999,270.00
Burkina Faso,2000,270.00
Burkina Faso,2001,280.00
Burkina Faso,2002,270.00
Burkina Faso,2003,320.00
Burkina Faso,2004,390.00
Burkina Faso,2005,460.00
Burkina Faso,2006,490.00
Burkina Faso,2007,510.00
Burkina Faso,2008,570.00
Burkina Faso,2009,610.00
Burkina Faso,2010,650.00
Burkina Faso,2011,680.00
Burkina Faso,2012,730.00
Burkina Faso,2013,770.00
Burkina Faso,2014,760.00
Burkina Faso,2015,700.00
Burkina Faso,2016,680.00
Burkina Faso,2017,670.00
Burkina Faso,2018,750.00
Burkina Faso,2019,770.00
Burkina Faso,2020,770.00
Burkina Faso,2021,860.00
Burundi,1962,70.00
Burundi,1963,80.00
Burundi,1964,80.00
Burundi,1965,70.00
Burundi,1966,60.00
Burundi,1967,50.00
Burundi,1968,50.00
Burundi,1969,50.00
Burundi,1970,70.00
Burundi,1971,70.00
Burundi,1972,70.00
Burundi,1973,80.00
Burundi,1974,100.00
Burundi,1975,110.00
Burundi,1976,120.00
Burundi,1977,140.00
Burundi,1978,150.00
Burundi,1979,180.00
Burundi,1980,220.00
Burundi,1981,250.00
Burundi,1982,240.00
Burundi,1983,230.00
Burundi,1984,220.00
Burundi,1985,240.00
Burundi,1986,250.00
Burundi,1987,260.00
Burundi,1988,250.00
Burundi,1989,230.00
Burundi,1990,220.00
Burundi,1991,220.00
Burundi,1992,210.00
Burundi,1993,180.00
Burundi,1994,160.00
Burundi,1995,150.00
Burundi,1996,140.00
Burundi,1997,150.00
Burundi,1998,150.00
Burundi,1999,140.00
Burundi,2000,130.00
Burundi,2001,130.00
Burundi,2002,130.00
Burundi,2003,120.00
Burundi,2004,120.00
Burundi,2005,140.00
Burundi,2006,150.00
Burundi,2007,170.00
Burundi,2008,190.00
Burundi,2009,200.00
Burundi,2010,220.00
Burundi,2011,230.00
Burundi,2012,250.00
Burundi,2013,260.00
Burundi,2014,260.00
Burundi,2015,260.00
Burundi,2016,260.00
Burundi,2017,260.00
Burundi,2018,250.00
Burundi,2019,240.00
Burundi,2020,230.00
Burundi,2021,240.00
Cabo Verde,1982,510.00
Cabo Verde,1983,470.00
Cabo Verde,1984,450.00
Cabo Verde,1985,450.00
Cabo Verde,1986,510.00
Cabo Verde,1987,650.00
Cabo Verde,1988,840.00
Cabo Verde,1989,900.00
Cabo Verde,1990,900.00
Cabo Verde,1991,910.00
Cambodia,1995,250.00
Cambodia,1996,320.00
Cambodia,1997,320.00
Cambodia,1998,290.00
Cambodia,1999,300.00
Cambodia,2000,300.00
Cambodia,2001,310.00
Cambodia,2002,320.00
Cambodia,2003,350.00
Cambodia,2004,400.00
Cambodia,2005,460.00
Cambodia,2006,520.00
Cambodia,2007,590.00
Cambodia,2008,670.00
Cambodia,2009,700.00
Cambodia,2010,750.00
Cambodia,2011,810.00
Cambodia,2012,880.00
Cambodia,2013,970.00
Cameroon,1967,110.00
Cameroon,1968,130.00
Cameroon,1969,160.00
Cameroon,1970,160.00
Cameroon,1971,170.00
Cameroon,1972,190.00
Cameroon,1973,220.00
Cameroon,1974,280.00
Cameroon,1975,360.00
Cameroon,1976,340.00
Cameroon,1977,340.00
Cameroon,1978,520.00
Cameroon,1979,640.00
Cameroon,1980,640.00
Cameroon,1981,800.00
Cameroon,1982,780.00
Cameroon,1983,700.00
Cameroon,1984,720.00
Cameroon,1985,780.00
Cameroon,1986,950.00
Cameroon,1990,970.00
Cameroon,1991,900.00
Cameroon,1992,930.00
Cameroon,1993,950.00
Cameroon,1994,850.00
Cameroon,1995,830.00
Cameroon,1996,740.00
Cameroon,1997,760.00
Cameroon,1998,740.00
Cameroon,1999,730.00
Cameroon,2000,700.00
Cameroon,2001,670.00
Cameroon,2002,670.00
Cameroon,2003,790.00
Cameroon,2004,990.00
Caribbean small states,1962,480.07
Caribbean small states,1963,519.96
Caribbean small states,1964,564.03
Caribbean small states,1965,607.25
Caribbean small states,1966,609.55
Caribbean small states,1967,644.41
Caribbean small states,1968,671.61
Caribbean small states,1969,702.87
Caribbean small states,1970,754.84
Caribbean small states,1971,798.11
Caribbean small states,1972,947.46
Central African Republic,1962,80.00
Central African Republic,1963,80.00
Central African Republic,1964,80.00
Central African Republic,1965,90.00
Central African Republic,1966,90.00
Central African Republic,1967,100.00
Central African Republic,1968,100.00
Central African Republic,1969,110.00
Central African Republic,1970,110.00
Central African Republic,1971,110.00
Central African Republic,1972,120.00
Central African Republic,1973,140.00
Central African Republic,1974,170.00
Central African Republic,1975,190.00
Central African Republic,1976,210.00
Central African Republic,1977,240.00
Central African Republic,1978,280.00
Central African Republic,1979,310.00
Central African Republic,1980,360.00
Central African Republic,1981,350.00
Central African Republic,1982,340.00
Central African Republic,1983,270.00
Central African Republic,1984,270.00
Central African Republic,1985,290.00
Central African Republic,1986,340.00
Central African Republic,1987,420.00
Central African Republic,1988,490.00
Central African Republic,1989,490.00
Central African Republic,1990,480.00
Central African Republic,1991,480.00
Central African Republic,1992,470.00
Central African Republic,1993,450.00
Central African Republic,1994,370.00
Central African Republic,1995,350.00
Central African Republic,1996,300.00
Central African Republic,1997,300.00
Central African Republic,1998,280.00
Central African Republic,1999,280.00
Central African Republic,2000,260.00
Central African Republic,2001,260.00
Central African Republic,2002,250.00
Central African Republic,2003,260.00
Central African Republic,2004,300.00
Central African Republic,2005,340.00
Central African Republic,2006,350.00
Central African Republic,2007,380.00
Central African Republic,2008,420.00
Central African Republic,2009,480.00
Central African Republic,2010,510.00
Central African Republic,2011,530.00
Central African Republic,2012,570.00
Central African Republic,2013,380.00
Central African Republic,2014,390.00
Central African Republic,2015,400.00
Central African Republic,2016,410.00
Central African Republic,2017,440.00
Central African Republic,2018,490.00
Central African Republic,2019,520.00
Central African Republic,2020,510.00
Central African Republic,2021,530.00
Chad,1962,110.00
Chad,1963,110.00
Chad,1964,110.00
Chad,1965,120.00
Chad,1966,120.00
Chad,1967,130.00
Chad,1968,130.00
Chad,1969,140.00
Chad,1970,140.00
Chad,1971,140.00
Chad,1972,150.00
Chad,1973,160.00
Chad,1974,190.00
Chad,1975,230.00
Chad,1976,220.00
Chad,1977,230.00
Chad,1978,240.00
Chad,1979,220.00
Chad,1980,240.00
Chad,1981,230.00
Chad,1982,210.00
Chad,1983,190.00
Chad,1984,180.00
Chad,1985,210.00
Chad,1986,210.00
Chad,1987,210.00
Chad,1988,270.00
Chad,1989,270.00
Chad,1990,270.00
Chad,1991,290.00
Chad,1992,330.00
Chad,1993,240.00
Chad,1994,220.00
Chad,1995,210.00
Chad,1996,200.00
Chad,1997,210.00
Chad,1998,220.00
Chad,1999,200.00
Chad,2000,180.00
Chad,2001,190.00
Chad,2002,200.00
Chad,2003,210.00
Chad,2004,340.00
Chad,2005,470.00
Chad,2006,530.00
Chad,2007,630.00
Chad,2008,700.00
Chad,2009,830.00
Chad,2010,910.00
Chad,2011,890.00
Chad,2012,960.00
Chad,2013,970.00
Chad,2014,980.00
Chad,2015,880.00
Chad,2016,730.00
Chad,2017,640.00
Chad,2018,680.00
Chad,2019,700.00
Chad,2020,630.00
Chad,2021,650.00
Chile,1962,580.00
Chile,1963,630.00
Chile,1964,670.00
Chile,1965,670.00
Chile,1966,750.00
Chile,1967,760.00
Chile,1968,780.00
Chile,1969,830.00
Chile,1970,880.00
China,1962,70.00
China,1963,80.00
China,1964,90.00
China,1965,100.00
China,1966,110.00
China,1967,100.00
China,1968,90.00
China,1969,110.00
China,1970,120.00
China,1971,130.00
China,1972,130.00
China,1973,160.00
China,1974,180.00
China,1975,200.00
China,1976,190.00
China,1977,190.00
China,1978,200.00
China,1979,210.00
China,1980,220.00
China,1981,220.00
China,1982,220.00
China,1983,220.00
China,1984,250.00
China,1985,290.00
China,1986,310.00
China,1987,320.00
China,1988,330.00
China,1989,320.00
China,1990,330.00
China,1991,350.00
China,1992,390.00
China,1993,420.00
China,1994,470.00
China,1995,540.00
China,1996,650.00
China,1997,750.00
China,1998,800.00
China,1999,860.00
China,2000,940.00
Colombia,1962,280.00
Colombia,1963,280.00
Colombia,1964,310.00
Colombia,1965,310.00
Colombia,1966,320.00
Colombia,1967,300.00
Colombia,1968,300.00
Colombia,1969,320.00
Colombia,1970,330.00
Colombia,1971,360.00
Colombia,1972,390.00
Colombia,1973,460.00
Colombia,1974,550.00
Colombia,1975,590.00
Colombia,1976,620.00
Colombia,1977,690.00
Colombia,1978,850.00
Comoros,1982,660.00
Comoros,1983,590.00
Comoros,1984,550.00
Comoros,1985,550.00
Comoros,1986,620.00
Comoros,1987,780.00
Comoros,1988,960.00
Comoros,1989,930.00
Comoros,1990,980.00
Comoros,1991,950.00
Comoros,1994,870.00
Comoros,1995,850.00
Comoros,1996,780.00
Comoros,1997,790.00
Comoros,1998,730.00
Comoros,1999,700.00
Comoros,2000,730.00
Comoros,2001,700.00
Comoros,2002,680.00
Comoros,2003,790.00
Comoros,2004,950.00
Costa Rica,1962,360.00
Costa Rica,1963,350.00
Costa Rica,1964,350.00
Costa Rica,1965,370.00
Costa Rica,1966,390.00
Costa Rica,1967,410.00
Costa Rica,1968,440.00
Costa Rica,1969,470.00
Costa Rica,1970,520.00
Costa Rica,1971,570.00
Costa Rica,1972,630.00
Costa Rica,1973,760.00
Costa Rica,1974,880.00
Costa Rica,1975,970.00
Costa Rica,1983,940.00
Cote d'Ivoire,1962,160.00
Cote d'Ivoire,1963,180.00
Cote d'Ivoire,1964,220.00
Cote d'Ivoire,1965,210.00
Cote d'Ivoire,1966,230.00
Cote d'Ivoire,1967,240.00
Cote d'Ivoire,1968,270.00
Cote d'Ivoire,1969,280.00
Cote d'Ivoire,1970,300.00
Cote d'Ivoire,1971,300.00
Cote d'Ivoire,1972,320.00
Cote d'Ivoire,1973,380.00
Cote d'Ivoire,1974,480.00
Cote d'Ivoire,1975,600.00
Cote d'Ivoire,1976,680.00
Cote d'Ivoire,1977,780.00
Cote d'Ivoire,1978,950.00
Cote d'Ivoire,1982,960.00
Cote d'Ivoire,1983,720.00
Cote d'Ivoire,1984,660.00
Cote d'Ivoire,1985,640.00
Cote d'Ivoire,1986,730.00
Cote d'Ivoire,1987,810.00
Cote d'Ivoire,1988,910.00
Cote d'Ivoire,1989,830.00
Cote d'Ivoire,1990,780.00
Cote d'Ivoire,1991,760.00
Cote d'Ivoire,1992,780.00
Cote d'Ivoire,1993,750.00
Cote d'Ivoire,1994,680.00
Cote d'Ivoire,1995,700.00
Cote d'Ivoire,1996,540.00
Cote d'Ivoire,1997,670.00
Cote d'Ivoire,1998,760.00
Cote d'Ivoire,1999,730.00
Cote d'Ivoire,2000,650.00
Cote d'Ivoire,2001,600.00
Cote d'Ivoire,2002,570.00
Cote d'Ivoire,2003,630.00
Cote d'Ivoire,2004,770.00
Cote d'Ivoire,2005,930.00
Cote d'Ivoire,2006,940.00
Cote d'Ivoire,2007,970.00
Cuba,1972,850.00
Dominica,1979,710.00
Dominica,1980,960.00
Dominican Republic,1962,220.00
Dominican Republic,1963,240.00
Dominican Republic,1964,260.00
Dominican Republic,1965,230.00
Dominican Republic,1966,250.00
Dominican Republic,1967,250.00
Dominican Republic,1968,250.00
Dominican Republic,1969,280.00
Dominican Republic,1970,340.00
Dominican Republic,1971,370.00
Dominican Republic,1972,430.00
Dominican Republic,1973,520.00
Dominican Republic,1974,610.00
Dominican Republic,1975,710.00
Dominican Republic,1976,780.00
Dominican Republic,1977,830.00
Dominican Republic,1978,900.00
Dominican Republic,1987,940.00
Dominican Republic,1988,920.00
Dominican Republic,1989,910.00
Dominican Republic,1990,870.00
Early-demographic dividend,1967,196.33
Early-demographic dividend,1968,202.55
Early-demographic dividend,1969,216.42
Early-demographic dividend,1970,228.52
Early-demographic dividend,1971,241.19
Early-demographic dividend,1972,257.58
Early-demographic dividend,1973,307.42
Early-demographic dividend,1974,392.28
Early-demographic dividend,1975,472.80
Early-demographic dividend,1976,519.13
Early-demographic dividend,1977,533.04
Early-demographic dividend,1978,569.15
Early-demographic dividend,1979,660.30
Early-demographic dividend,1980,784.60
Early-demographic dividend,1981,884.64
Early-demographic dividend,1982,860.32
Early-demographic dividend,1983,801.69
Early-demographic dividend,1984,774.15
Early-demographic dividend,1985,771.40
Early-demographic dividend,1986,795.81
Early-demographic dividend,1987,832.19
Early-demographic dividend,1988,860.77
Early-demographic dividend,1989,830.28
Early-demographic dividend,1990,866.57
Early-demographic dividend,1991,907.70
East Asia & Pacific,1962,143.34
East Asia & Pacific,1963,156.65
East Asia & Pacific,1964,175.00
East Asia & Pacific,1965,193.62
East Asia & Pacific,1966,212.72
East Asia & Pacific,1967,223.64
East Asia & Pacific,1968,242.67
East Asia & Pacific,1969,276.34
East Asia & Pacific,1970,306.52
East Asia & Pacific,1971,334.49
East Asia & Pacific,1972,392.56
East Asia & Pacific,1973,498.62
East Asia & Pacific,1974,604.66
East Asia & Pacific,1975,705.94
East Asia & Pacific,1976,732.05
East Asia & Pacific,1977,791.79
East Asia & Pacific,1978,934.88
East Asia & Pacific (excluding high income),1962,72.58
East Asia & Pacific (excluding high income),1963,78.77
East Asia & Pacific (excluding high income),1964,87.20
East Asia & Pacific (excluding high income),1965,98.54
East Asia & Pacific (excluding high income),1966,106.43
East Asia & Pacific (excluding high income),1967,100.44
East Asia & Pacific (excluding high income),1968,97.44
East Asia & Pacific (excluding high income),1969,109.21
East Asia & Pacific (excluding high income),1970,122.15
East Asia & Pacific (excluding high income),1971,125.50
East Asia & Pacific (excluding high income),1972,132.45
East Asia & Pacific (excluding high income),1973,159.83
East Asia & Pacific (excluding high income),1974,187.14
East Asia & Pacific (excluding high income),1975,217.97
East Asia & Pacific (excluding high income),1976,213.60
East Asia & Pacific (excluding high income),1977,226.85
East Asia & Pacific (excluding high income),1978,240.74
East Asia & Pacific (excluding high income),1979,265.92
East Asia & Pacific (excluding high income),1980,294.18
East Asia & Pacific (excluding high income),1981,311.32
East Asia & Pacific (excluding high income),1982,310.94
East Asia & Pacific (excluding high income),1983,306.76
East Asia & Pacific (excluding high income),1984,324.40
East Asia & Pacific (excluding high income),1985,346.53
East Asia & Pacific (excluding high income),1986,367.96
East Asia & Pacific (excluding high income),1987,384.51
East Asia & Pacific (excluding high income),1988,404.23
East Asia & Pacific (excluding high income),1989,406.41
East Asia & Pacific (excluding high income),1990,423.79
East Asia & Pacific (excluding high income),1991,453.71
East Asia & Pacific (excluding high income),1992,504.50
East Asia & Pacific (excluding high income),1993,545.08
East Asia & Pacific (excluding high income),1994,612.06
East Asia & Pacific (excluding high income),1995,704.27
East Asia & Pacific (excluding high income),1996,819.81
East Asia & Pacific (excluding high income),1997,888.35
East Asia & Pacific (excluding high income),1998,832.40
East Asia & Pacific (excluding high income),1999,854.78
East Asia & Pacific (excluding high income),2000,909.92
East Asia & Pacific (excluding high income),2001,981.02
East Asia & Pacific (IDA & IBRD countries),1962,73.45
East Asia & Pacific (IDA & IBRD countries),1963,79.70
East Asia & Pacific (IDA & IBRD countries),1964,88.23
East Asia & Pacific (IDA & IBRD countries),1965,99.70
East Asia & Pacific (IDA & IBRD countries),1966,107.67
East Asia & Pacific (IDA & IBRD countries),1967,101.62
East Asia & Pacific (IDA & IBRD countries),1968,98.58
East Asia & Pacific (IDA & IBRD countries),1969,110.50
East Asia & Pacific (IDA & IBRD countries),1970,123.60
East Asia & Pacific (IDA & IBRD countries),1971,126.98
East Asia & Pacific (IDA & IBRD countries),1972,134.01
East Asia & Pacific (IDA & IBRD countries),1973,161.72
East Asia & Pacific (IDA & IBRD countries),1974,189.36
East Asia & Pacific (IDA & IBRD countries),1975,220.56
East Asia & Pacific (IDA & IBRD countries),1976,216.13
East Asia & Pacific (IDA & IBRD countries),1977,229.54
East Asia & Pacific (IDA & IBRD countries),1978,243.59
East Asia & Pacific (IDA & IBRD countries),1979,269.05
East Asia & Pacific (IDA & IBRD countries),1980,297.63
East Asia & Pacific (IDA & IBRD countries),1981,314.97
East Asia & Pacific (IDA & IBRD countries),1982,314.58
East Asia & Pacific (IDA & IBRD countries),1983,310.36
East Asia & Pacific (IDA & IBRD countries),1984,328.20
East Asia & Pacific (IDA & IBRD countries),1985,350.59
East Asia & Pacific (IDA & IBRD countries),1986,372.26
East Asia & Pacific (IDA & IBRD countries),1987,388.99
East Asia & Pacific (IDA & IBRD countries),1988,408.92
East Asia & Pacific (IDA & IBRD countries),1989,411.11
East Asia & Pacific (IDA & IBRD countries),1990,428.68
East Asia & Pacific (IDA & IBRD countries),1991,458.96
East Asia & Pacific (IDA & IBRD countries),1992,510.35
East Asia & Pacific (IDA & IBRD countries),1993,551.41
East Asia & Pacific (IDA & IBRD countries),1994,619.18
East Asia & Pacific (IDA & IBRD countries),1995,712.47
East Asia & Pacific (IDA & IBRD countries),1996,829.34
East Asia & Pacific (IDA & IBRD countries),1997,898.66
East Asia & Pacific (IDA & IBRD countries),1998,842.03
East Asia & Pacific (IDA & IBRD countries),1999,864.65
East Asia & Pacific (IDA & IBRD countries),2000,920.41
East Asia & Pacific (IDA & IBRD countries),2001,992.32
Ecuador,1962,380.00
Ecuador,1963,350.00
Ecuador,1964,380.00
Ecuador,1965,430.00
Ecuador,1966,450.00
Ecuador,1967,460.00
Ecuador,1968,470.00
Ecuador,1969,500.00
Ecuador,1970,520.00
Ecuador,1971,510.00
Ecuador,1972,510.00
Ecuador,1973,600.00
Ecuador,1974,830.00
El Salvador,1967,300.00
El Salvador,1968,300.00
El Salvador,1969,300.00
El Salvador,1970,310.00
El Salvador,1971,320.00
El Salvador,1972,350.00
El Salvador,1973,380.00
El Salvador,1974,440.00
El Salvador,1975,480.00
El Salvador,1976,530.00
El Salvador,1977,610.00
El Salvador,1978,710.00
El Salvador,1979,780.00
El Salvador,1980,740.00
El Salvador,1981,740.00
El Salvador,1982,690.00
El Salvador,1983,670.00
El Salvador,1984,690.00
El Salvador,1985,720.00
El Salvador,1986,760.00
El Salvador,1987,820.00
El Salvador,1988,860.00
El Salvador,1989,860.00
El Salvador,1990,900.00
El Salvador,1991,930.00
Equatorial Guinea,1982,130.00
Equatorial Guinea,1983,130.00
Equatorial Guinea,1984,130.00
Equatorial Guinea,1985,150.00
Equatorial Guinea,1986,170.00
Equatorial Guinea,1987,210.00
Equatorial Guinea,1988,250.00
Equatorial Guinea,1989,230.00
Equatorial Guinea,1990,260.00
Equatorial Guinea,1991,270.00
Equatorial Guinea,1992,380.00
Equatorial Guinea,1993,370.00
Equatorial Guinea,1994,270.00
Equatorial Guinea,1995,250.00
Equatorial Guinea,1996,360.00
Equatorial Guinea,1997,870.00
Equatorial Guinea,1998,700.00
Equatorial Guinea,1999,820.00
Equatorial Guinea,2000,770.00
Equatorial Guinea,2001,900.00
Eritrea,1994,270.00
Eritrea,1995,270.00
Eritrea,1996,300.00
Eritrea,1997,320.00
Eritrea,1998,330.00
Eritrea,1999,310.00
Eritrea,2000,300.00
Eritrea,2001,310.00
Eritrea,2002,300.00
Eritrea,2003,300.00
Eritrea,2004,340.00
Eritrea,2005,390.00
Eritrea,2006,410.00
Eritrea,2007,420.00
Eritrea,2008,410.00
Eritrea,2009,480.00
Eritrea,2010,510.00
Eritrea,2011,600.00
Eswatini,1972,300.00
Eswatini,1973,370.00
Eswatini,1974,470.00
Ethiopia,1983,210.00
Ethiopia,1984,200.00
Ethiopia,1985,190.00
Ethiopia,1986,230.00
Ethiopia,1987,280.00
Ethiopia,1988,270.00
Ethiopia,1989,260.00
Ethiopia,1990,260.00
Ethiopia,1991,250.00
Ethiopia,1992,220.00
Ethiopia,1993,210.00
Ethiopia,1994,160.00
Ethiopia,1995,150.00
Ethiopia,1996,150.00
Ethiopia,1997,140.00
Ethiopia,1998,130.00
Ethiopia,1999,120.00
Ethiopia,2000,130.00
Ethiopia,2001,130.00
Ethiopia,2002,120.00
Ethiopia,2003,110.00
Ethiopia,2004,140.00
Ethiopia,2005,160.00
Ethiopia,2006,180.00
Ethiopia,2007,220.00
Ethiopia,2008,280.00
Ethiopia,2009,340.00
Ethiopia,2010,380.00
Ethiopia,2011,390.00
Ethiopia,2012,410.00
Ethiopia,2013,470.00
Ethiopia,2014,550.00
Ethiopia,2015,600.00
Ethiopia,2016,670.00
Ethiopia,2017,740.00
Ethiopia,2018,800.00
Ethiopia,2019,850.00
Ethiopia,2020,890.00
Ethiopia,2021,960.00
Fiji,1962,280.00
Fiji,1963,290.00
Fiji,1964,300.00
Fiji,1965,290.00
Fiji,1966,300.00
Fiji,1967,340.00
Fiji,1968,350.00
Fiji,1969,350.00
Fiji,1970,400.00
Fiji,1971,440.00
Fiji,1972,530.00
Fiji,1973,720.00
Fiji,1974,930.00
Fragile and conflict affected situations,1989,978.04
Fragile and conflict affected situations,1991,789.54
Fragile and conflict affected situations,1992,732.88
Fragile and conflict affected situations,1993,643.94
Fragile and conflict affected situations,1994,571.57
Fragile and conflict affected situations,1995,578.19
Fragile and conflict affected situations,1996,607.13
Fragile and conflict affected situations,1997,665.44
Fragile and conflict affected situations,1998,658.73
Fragile and conflict affected situations,1999,677.25
Fragile and conflict affected situations,2000,717.27
Fragile and conflict affected situations,2001,772.75
Fragile and conflict affected situations,2002,772.85
Fragile and conflict affected situations,2003,778.11
Fragile and conflict affected situations,2004,929.77
Gabon,1962,330.00
Gabon,1963,410.00
Gabon,1964,340.00
Gabon,1965,360.00
Gabon,1966,420.00
Gabon,1967,440.00
Gabon,1968,460.00
Gabon,1969,530.00
Gabon,1970,570.00
Gabon,1971,610.00
Gabon,1972,690.00
Gabon,1973,910.00
Georgia,1992,750.00
Georgia,1993,540.00
Georgia,1994,510.00
Georgia,1995,550.00
Georgia,1996,670.00
Georgia,1997,820.00
Georgia,1998,870.00
Georgia,1999,840.00
Georgia,2000,790.00
Georgia,2001,780.00
Georgia,2002,840.00
Georgia,2003,990.00
Ghana,1962,190.00
Ghana,1963,200.00
Ghana,1964,210.00
Ghana,1965,230.00
Ghana,1966,250.00
Ghana,1967,240.00
Ghana,1968,220.00
Ghana,1969,220.00
Ghana,1970,250.00
Ghana,1971,270.00
Ghana,1972,260.00
Ghana,1973,280.00
Ghana,1974,320.00
Ghana,1975,300.00
Ghana,1976,290.00
Ghana,1977,300.00
Ghana,1978,350.00
Ghana,1979,380.00
Ghana,1980,420.00
Ghana,1981,410.00
Ghana,1982,360.00
Ghana,1983,320.00
Ghana,1984,340.00
Ghana,1985,350.00
Ghana,1986,390.00
Ghana,1987,420.00
Ghana,1988,440.00
Ghana,1989,400.00
Ghana,1990,400.00
Ghana,1991,410.00
Ghana,1992,430.00
Ghana,1993,420.00
Ghana,1994,370.00
Ghana,1995,370.00
Ghana,1996,380.00
Ghana,1997,390.00
Ghana,1998,390.00
Ghana,1999,390.00
Ghana,2000,340.00
Ghana,2001,300.00
Ghana,2002,270.00
Ghana,2003,320.00
Ghana,2004,380.00
Ghana,2005,460.00
Ghana,2006,600.00
Ghana,2007,790.00
Greece,1962,620.00
Greece,1963,700.00
Greece,1964,790.00
Greece,1965,900.00
Guatemala,1962,260.00
Guatemala,1963,280.00
Guatemala,1964,280.00
Guatemala,1965,290.00
Guatemala,1966,290.00
Guatemala,1967,290.00
Guatemala,1968,310.00
Guatemala,1969,330.00
Guatemala,1970,350.00
Guatemala,1971,360.00
Guatemala,1972,390.00
Guatemala,1973,450.00
Guatemala,1974,540.00
Guatemala,1975,610.00
Guatemala,1976,690.00
Guatemala,1977,800.00
Guatemala,1978,920.00
Guatemala,1988,980.00
Guatemala,1989,980.00
Guatemala,1990,930.00
Guatemala,1991,970.00
Guinea,1988,400.00
Guinea,1989,390.00
Guinea,1990,410.00
Guinea,1991,420.00
Guinea,1992,460.00
Guinea,1993,490.00
Guinea,1994,500.00
Guinea,1995,500.00
Guinea,1996,510.00
Guinea,1997,510.00
Guinea,1998,470.00
Guinea,1999,450.00
Guinea,2000,400.00
Guinea,2001,360.00
Guinea,2002,350.00
Guinea,2003,340.00
Guinea,2004,370.00
Guinea,2005,360.00
Guinea,2006,400.00
Guinea,2007,470.00
Guinea,2008,620.00
Guinea,2009,670.00
Guinea,2010,690.00
Guinea,2011,680.00
Guinea,2012,700.00
Guinea,2013,700.00
Guinea,2014,740.00
Guinea,2015,760.00
Guinea,2016,780.00
Guinea,2017,820.00
Guinea,2018,860.00
Guinea,2019,950.00
Guinea,2020,960.00
Guinea-Bissau,1972,120.00
Guinea-Bissau,1973,130.00
Guinea-Bissau,1974,150.00
Guinea-Bissau,1975,170.00
Guinea-Bissau,1976,150.00
Guinea-Bissau,1977,140.00
Guinea-Bissau,1978,160.00
Guinea-Bissau,1979,180.00
Guinea-Bissau,1980,150.00
Guinea-Bissau,1981,190.00
Guinea-Bissau,1982,200.00
Guinea-Bissau,1983,190.00
Guinea-Bissau,1984,190.00
Guinea-Bissau,1985,200.00
Guinea-Bissau,1986,160.00
Guinea-Bissau,1987,170.00
Guinea-Bissau,1988,180.00
Guinea-Bissau,1989,210.00
Guinea-Bissau,1990,220.00
Guinea-Bissau,1991,240.00
Guinea-Bissau,1992,240.00
Guinea-Bissau,1993,230.00
Guinea-Bissau,1994,220.00
Guinea-Bissau,1995,220.00
Guinea-Bissau,1996,240.00
Guinea-Bissau,1997,240.00
Guinea-Bissau,1998,160.00
Guinea-Bissau,1999,160.00
Guinea-Bissau,2000,210.00
Guinea-Bissau,2001,250.00
Guinea-Bissau,2002,300.00
Guinea-Bissau,2003,330.00
Guinea-Bissau,2004,380.00
Guinea-Bissau,2005,430.00
Guinea-Bissau,2006,440.00
Guinea-Bissau,2007,470.00
Guinea-Bissau,2008,510.00
Guinea-Bissau,2009,560.00
Guinea-Bissau,2010,580.00
Guinea-Bissau,2011,640.00
Guinea-Bissau,2012,630.00
Guinea-Bissau,2013,640.00
Guinea-Bissau,2014,640.00
Guinea-Bissau,2015,640.00
Guinea-Bissau,2016,650.00
Guinea-Bissau,2017,680.00
Guinea-Bissau,2018,720.00
Guinea-Bissau,2019,800.00
Guinea-Bissau,2020,760.00
Guinea-Bissau,2021,780.00
Guyana,1962,280.00
Guyana,1963,250.00
Guyana,1964,280.00
Guyana,1965,310.00
Guyana,1966,320.00
Guyana,1967,340.00
Guyana,1968,330.00
Guyana,1969,350.00
Guyana,1970,360.00
Guyana,1971,380.00
Guyana,1972,390.00
Guyana,1973,430.00
Guyana,1974,540.00
Guyana,1975,680.00
Guyana,1976,660.00
Guyana,1977,610.00
Guyana,1978,620.00
Guyana,1979,670.00
Guyana,1980,760.00
Guyana,1981,740.00
Guyana,1982,590.00
Guyana,1983,510.00
Guyana,1984,470.00
Guyana,1985,500.00
Guyana,1986,520.00
Guyana,1987,460.00
Guyana,1988,470.00
Guyana,1989,360.00
Guyana,1990,400.00
Guyana,1991,330.00
Guyana,1992,390.00
Guyana,1993,460.00
Guyana,1994,570.00
Guyana,1995,670.00
Guyana,1996,830.00
Guyana,1997,890.00
Guyana,1998,880.00
Guyana,1999,860.00
Guyana,2000,890.00
Guyana,2001,880.00
Guyana,2002,890.00
Guyana,2003,940.00
Haiti,1980,250.00
Haiti,1981,250.00
Haiti,1982,250.00
Haiti,1983,240.00
Haiti,1984,260.00
Haiti,1985,280.00
Haiti,1986,320.00
Haiti,1987,340.00
Haiti,1988,380.00
Haiti,1989,370.00
Haiti,1990,420.00
Haiti,1991,450.00
Haiti,1992,390.00
Haiti,1993,310.00
Haiti,1994,260.00
Haiti,1995,310.00
Haiti,1996,360.00
Haiti,1997,390.00
Haiti,1998,400.00
Haiti,1999,450.00
Haiti,2000,550.00
Haiti,2001,640.00
Haiti,2002,720.00
Haiti,2003,660.00
Haiti,2004,650.00
Haiti,2005,690.00
Haiti,2006,790.00
Haiti,2007,900.00
Heavily indebted poor countries (HIPC),1980,376.67
Heavily indebted poor countries (HIPC),1981,395.21
Heavily indebted poor countries (HIPC),1982,367.59
Heavily indebted poor countries (HIPC),1983,323.18
Heavily indebted poor countries (HIPC),1984,310.75
Heavily indebted poor countries (HIPC),1985,309.82
Heavily indebted poor countries (HIPC),1986,342.04
Heavily indebted poor countries (HIPC),1987,387.39
Heavily indebted poor countries (HIPC),1988,416.73
Heavily indebted poor countries (HIPC),1989,408.41
Heavily indebted poor countries (HIPC),1990,405.23
Heavily indebted poor countries (HIPC),1991,418.10
Heavily indebted poor countries (HIPC),1992,373.04
Heavily indebted poor countries (HIPC),1993,350.72
Heavily indebted poor countries (HIPC),1994,310.16
Heavily indebted poor countries (HIPC),1995,315.20
Heavily indebted poor countries (HIPC),1996,314.83
Heavily indebted poor countries (HIPC),1997,329.18
Heavily indebted poor countries (HIPC),1998,327.00
Heavily indebted poor countries (HIPC),1999,328.47
Heavily indebted poor countries (HIPC),2000,330.73
Heavily indebted poor countries (HIPC),2001,329.47
Heavily indebted poor countries (HIPC),2002,335.94
Heavily indebted poor countries (HIPC),2003,361.49
Heavily indebted poor countries (HIPC),2004,415.39
Heavily indebted poor countries (HIPC),2005,469.86
Heavily indebted poor countries (HIPC),2006,520.05
Heavily indebted poor countries (HIPC),2007,586.42
Heavily indebted poor countries (HIPC),2008,687.33
Heavily indebted poor countries (HIPC),2009,745.58
Heavily indebted poor countries (HIPC),2010,783.65
Heavily indebted poor countries (HIPC),2011,819.18
Heavily indebted poor countries (HIPC),2012,861.26
Heavily indebted poor countries (HIPC),2013,915.90
Heavily indebted poor countries (HIPC),2014,979.28
Heavily indebted poor countries (HIPC),2015,972.43
Heavily indebted poor countries (HIPC),2016,961.43
Heavily indebted poor countries (HIPC),2017,974.18
Heavily indebted poor countries (HIPC),2018,976.42
Heavily indebted poor countries (HIPC),2019,992.56
Heavily indebted poor countries (HIPC),2020,965.46
Honduras,1962,180.00
Honduras,1963,180.00
Honduras,1964,190.00
Honduras,1965,210.00
Honduras,1966,220.00
Honduras,1967,230.00
Honduras,1968,250.00
Honduras,1969,250.00
Honduras,1970,260.00
Honduras,1971,270.00
Honduras,1972,280.00
Honduras,1973,320.00
Honduras,1974,360.00
Honduras,1975,380.00
Honduras,1976,410.00
Honduras,1977,460.00
Honduras,1978,610.00
Honduras,1979,830.00
Honduras,1991,940.00
Honduras,1992,930.00
Honduras,1993,950.00
Honduras,1994,880.00
Honduras,1995,900.00
Honduras,1996,870.00
Honduras,1997,910.00
Honduras,1998,910.00
Honduras,1999,930.00
IBRD only,1964,177.75
IBRD only,1965,192.41
IBRD only,1966,201.08
IBRD only,1967,201.49
IBRD only,1968,206.67
IBRD only,1969,224.51
IBRD only,1970,242.19
IBRD only,1971,256.91
IBRD only,1972,277.83
IBRD only,1973,335.00
IBRD only,1974,415.15
IBRD only,1975,488.79
IBRD only,1976,512.04
IBRD only,1977,532.96
IBRD only,1978,575.62
IBRD only,1979,661.99
IBRD only,1980,759.95
IBRD only,1981,819.34
IBRD only,1982,804.15
IBRD only,1983,753.16
IBRD only,1984,747.96
IBRD only,1985,755.21
IBRD only,1986,791.51
IBRD only,1987,847.72
IBRD only,1988,897.84
IBRD only,1989,897.20
IBRD only,1990,949.20
IBRD only,1991,952.90
IDA & IBRD total,1964,164.96
IDA & IBRD total,1965,178.13
IDA & IBRD total,1966,186.02
IDA & IBRD total,1967,186.58
IDA & IBRD total,1968,191.63
IDA & IBRD total,1969,208.01
IDA & IBRD total,1970,225.38
IDA & IBRD total,1971,238.73
IDA & IBRD total,1972,257.49
IDA & IBRD total,1973,307.31
IDA & IBRD total,1974,381.49
IDA & IBRD total,1975,448.88
IDA & IBRD total,1976,472.29
IDA & IBRD total,1977,491.46
IDA & IBRD total,1978,529.41
IDA & IBRD total,1979,608.54
IDA & IBRD total,1980,699.03
IDA & IBRD total,1981,757.23
IDA & IBRD total,1982,749.72
IDA & IBRD total,1983,707.55
IDA & IBRD total,1984,691.96
IDA & IBRD total,1985,692.98
IDA & IBRD total,1986,721.27
IDA & IBRD total,1987,769.97
IDA & IBRD total,1988,813.80
IDA & IBRD total,1989,808.73
IDA & IBRD total,1990,850.12
IDA & IBRD total,1991,852.51
IDA & IBRD total,1992,894.41
IDA & IBRD total,1993,921.41
IDA & IBRD total,1994,969.96
IDA blend,1962,104.73
IDA blend,1963,111.72
IDA blend,1964,115.88
IDA blend,1965,122.33
IDA blend,1966,127.37
IDA blend,1967,126.70
IDA blend,1968,134.20
IDA blend,1969,150.92
IDA blend,1970,180.02
IDA blend,1971,190.37
IDA blend,1972,201.62
IDA blend,1973,208.74
IDA blend,1974,268.46
IDA blend,1975,307.35
IDA blend,1976,358.35
IDA blend,1977,387.79
IDA blend,1978,414.47
IDA blend,1979,479.68
IDA blend,1980,562.84
IDA blend,1981,676.04
IDA blend,1982,783.47
IDA blend,1983,835.47
IDA blend,1984,699.73
IDA blend,1985,637.51
IDA blend,1986,582.89
IDA blend,1987,572.34
IDA blend,1988,584.00
IDA blend,1989,533.81
IDA blend,1990,524.75
IDA blend,1991,507.24
IDA blend,1992,512.10
IDA blend,1993,458.00
IDA blend,1994,436.36
IDA blend,1995,444.94
IDA blend,1996,481.79
IDA blend,1997,501.37
IDA blend,1998,488.60
IDA blend,1999,491.94
IDA blend,2000,504.28
IDA blend,2001,529.04
IDA blend,2002,562.96
IDA blend,2003,608.01
IDA blend,2004,718.45
IDA blend,2005,828.26
IDA blend,2006,985.27
IDA only,1983,331.66
IDA only,1984,317.37
IDA only,1985,317.02
IDA only,1986,349.73
IDA only,1987,393.28
IDA only,1988,422.16
IDA only,1989,420.83
IDA only,1990,427.54
IDA only,1991,443.10
IDA only,1992,404.60
IDA only,1993,383.48
IDA only,1994,351.36
IDA only,1995,362.70
IDA only,1996,375.05
IDA only,1997,394.93
IDA only,1998,396.44
IDA only,1999,400.31
IDA only,2000,408.87
IDA only,2001,419.12
IDA only,2002,430.82
IDA only,2003,464.42
IDA only,2004,526.95
IDA only,2005,588.95
IDA only,2006,650.78
IDA only,2007,732.30
IDA only,2008,845.63
IDA only,2009,929.05
IDA only,2010,998.95
IDA only,2011,936.16
IDA only,2012,921.95
IDA only,2013,954.97
IDA total,1968,125.13
IDA total,1969,135.02
IDA total,1970,153.15
IDA total,1971,160.20
IDA total,1972,168.77
IDA total,1973,181.26
IDA total,1974,229.58
IDA total,1975,269.77
IDA total,1976,297.04
IDA total,1977,310.25
IDA total,1978,328.61
IDA total,1979,378.57
IDA total,1980,440.25
IDA total,1981,499.94
IDA total,1982,533.42
IDA total,1983,534.95
IDA total,1984,470.03
IDA total,1985,444.03
IDA total,1986,439.22
IDA total,1987,459.24
IDA total,1988,480.39
IDA total,1989,458.76
IDA total,1990,458.81
IDA total,1991,460.36
IDA total,1992,440.57
IDA total,1993,406.08
IDA total,1994,378.93
IDA total,1995,388.92
IDA total,1996,410.84
IDA total,1997,430.27
IDA total,1998,426.11
IDA total,1999,429.73
IDA total,2000,439.64
IDA total,2001,454.78
IDA total,2002,473.97
IDA total,2003,511.28
IDA total,2004,589.80
IDA total,2005,667.77
IDA total,2006,761.70
IDA total,2007,863.60
India,1962,90.00
India,1963,100.00
India,1964,110.00
India,1965,110.00
India,1966,110.00
India,1967,110.00
India,1968,100.00
India,1969,110.00
India,1970,120.00
India,1971,120.00
India,1972,120.00
India,1973,140.00
India,1974,170.00
India,1975,190.00
India,1976,180.00
India,1977,190.00
India,1978,210.00
India,1979,220.00
India,1980,270.00
India,1981,290.00
India,1982,290.00
India,1983,280.00
India,1984,280.00
India,1985,290.00
India,1986,310.00
India,1987,350.00
India,1988,390.00
India,1989,390.00
India,1990,380.00
India,1991,350.00
India,1992,340.00
India,1993,320.00
India,1994,340.00
India,1995,370.00
India,1996,400.00
India,1997,410.00
India,1998,410.00
India,1999,440.00
India,2000,440.00
India,2001,450.00
India,2002,460.00
India,2003,520.00
India,2004,610.00
India,2005,710.00
India,2006,790.00
India,2007,910.00
Indonesia,1969,70.00
Indonesia,1970,80.00
Indonesia,1971,80.00
Indonesia,1972,90.00
Indonesia,1973,110.00
Indonesia,1974,160.00
Indonesia,1975,220.00
Indonesia,1976,270.00
Indonesia,1977,300.00
Indonesia,1978,360.00
Indonesia,1979,400.00
Indonesia,1980,470.00
Indonesia,1981,530.00
Indonesia,1982,560.00
Indonesia,1983,530.00
Indonesia,1984,520.00
Indonesia,1985,500.00
Indonesia,1986,510.00
Indonesia,1987,510.00
Indonesia,1988,510.00
Indonesia,1989,530.00
Indonesia,1990,560.00
Indonesia,1991,610.00
Indonesia,1992,660.00
Indonesia,1993,740.00
Indonesia,1994,850.00
Indonesia,1995,990.00
Indonesia,1998,660.00
Indonesia,1999,570.00
Indonesia,2000,580.00
Indonesia,2001,720.00
Indonesia,2002,790.00
Indonesia,2003,900.00
Iraq,1991,70.00
Iraq,1992,50.00
Iraq,1993,40.00
Iraq,1994,60.00
Iraq,1995,130.00
Iraq,1996,390.00
Iraq,1997,750.00
Iraq,1998,920.00
Iraq,2003,850.00
Italy,1962,960.00
Jamaica,1968,620.00
Jamaica,1969,650.00
Jamaica,1970,720.00
Jamaica,1971,760.00
Jamaica,1972,980.00
Jamaica,1985,920.00
Jamaica,1986,950.00
Japan,1962,610.00
Japan,1963,700.00
Japan,1964,810.00
Japan,1965,900.00
Kenya,1962,100.00
Kenya,1963,100.00
Kenya,1964,110.00
Kenya,1965,100.00
Kenya,1966,120.00
Kenya,1967,120.00
Kenya,1968,130.00
Kenya,1969,140.00
Kenya,1970,130.00
Kenya,1971,160.00
Kenya,1972,190.00
Kenya,1973,200.00
Kenya,1974,230.00
Kenya,1975,250.00
Kenya,1976,250.00
Kenya,1977,280.00
Kenya,1978,320.00
Kenya,1979,390.00
Kenya,1980,450.00
Kenya,1981,450.00
Kenya,1982,390.00
Kenya,1983,340.00
Kenya,1984,310.00
Kenya,1985,310.00
Kenya,1986,340.00
Kenya,1987,370.00
Kenya,1988,410.00
Kenya,1989,400.00
Kenya,1990,370.00
Kenya,1991,350.00
Kenya,1992,330.00
Kenya,1993,270.00
Kenya,1994,260.00
Kenya,1995,270.00
Kenya,1996,340.00
Kenya,1997,390.00
Kenya,1998,430.00
Kenya,1999,430.00
Kenya,2000,410.00
Kenya,2001,400.00
Kenya,2002,380.00
Kenya,2003,400.00
Kenya,2004,450.00
Kenya,2005,510.00
Kenya,2006,580.00
Kenya,2007,700.00
Kenya,2008,820.00
Kenya,2009,820.00
Kenya,2010,920.00
Kiribati,1978,870.00
Kiribati,1979,860.00
Kiribati,1980,690.00
Kiribati,1981,660.00
Kiribati,1982,790.00
Kiribati,1983,780.00
Kiribati,1984,590.00
Kiribati,1985,540.00
Kiribati,1986,520.00
Kiribati,1987,550.00
Kiribati,1988,640.00
Kiribati,1989,670.00
Kiribati,1990,720.00
Kiribati,1991,960.00
Kyrgyz Republic,1992,520.00
Kyrgyz Republic,1993,450.00
Kyrgyz Republic,1994,370.00
Kyrgyz Republic,1995,360.00
Kyrgyz Republic,1996,390.00
Kyrgyz Republic,1997,390.00
Kyrgyz Republic,1998,360.00
Kyrgyz Republic,1999,300.00
Kyrgyz Republic,2000,280.00
Kyrgyz Republic,2001,280.00
Kyrgyz Republic,2002,290.00
Kyrgyz Republic,2003,340.00
Kyrgyz Republic,2004,400.00
Kyrgyz Republic,2005,450.00
Kyrgyz Republic,2006,500.00
Kyrgyz Republic,2007,610.00
Kyrgyz Republic,2008,760.00
Kyrgyz Republic,2009,860.00
Kyrgyz Republic,2010,850.00
Kyrgyz Republic,2011,880.00
Lao PDR,1986,550.00
Lao PDR,1987,430.00
Lao PDR,1988,250.00
Lao PDR,1989,210.00
Lao PDR,1990,190.00
Lao PDR,1991,210.00
Lao PDR,1992,250.00
Lao PDR,1993,280.00
Lao PDR,1994,310.00
Lao PDR,1995,350.00
Lao PDR,1996,380.00
Lao PDR,1997,370.00
Lao PDR,1998,310.00
Lao PDR,1999,290.00
Lao PDR,2000,280.00
Lao PDR,2001,310.00
Lao PDR,2002,320.00
Lao PDR,2003,340.00
Lao PDR,2004,390.00
Lao PDR,2005,460.00
Lao PDR,2006,510.00
Lao PDR,2007,620.00
Lao PDR,2008,750.00
Lao PDR,2009,890.00
Late-demographic dividend,1966,200.05
Late-demographic dividend,1967,197.25
Late-demographic dividend,1968,201.75
Late-demographic dividend,1969,223.83
Late-demographic dividend,1970,249.15
Late-demographic dividend,1971,265.69
Late-demographic dividend,1972,290.68
Late-demographic dividend,1973,350.91
Late-demographic dividend,1974,422.49
Late-demographic dividend,1975,484.63
Late-demographic dividend,1976,498.38
Late-demographic dividend,1977,531.82
Late-demographic dividend,1978,579.85
Late-demographic dividend,1979,668.20
Late-demographic dividend,1980,744.56
Late-demographic dividend,1981,767.01
Late-demographic dividend,1982,747.43
Late-demographic dividend,1983,696.43
Late-demographic dividend,1984,713.06
Late-demographic dividend,1985,718.63
Late-demographic dividend,1986,768.92
Late-demographic dividend,1987,828.34
Late-demographic dividend,1988,908.73
Late-demographic dividend,1989,953.03
Late-demographic dividend,1990,982.63
Latin America & Caribbean,1966,488.79
Latin America & Caribbean,1967,503.38
Latin America & Caribbean,1968,538.40
Latin America & Caribbean,1969,573.27
Latin America & Caribbean,1970,610.07
Latin America & Caribbean,1971,668.87
Latin America & Caribbean,1972,735.01
Latin America & Caribbean,1973,889.09
Latin America & Caribbean (excluding high income),1966,448.43
Latin America & Caribbean (excluding high income),1967,463.39
Latin America & Caribbean (excluding high income),1968,497.56
Latin America & Caribbean (excluding high income),1969,531.25
Latin America & Caribbean (excluding high income),1970,562.38
Latin America & Caribbean (excluding high income),1971,616.89
Latin America & Caribbean (excluding high income),1972,679.56
Latin America & Caribbean (excluding high income),1973,825.67
Latin America & the Caribbean (IDA & IBRD countries),1966,477.18
Latin America & the Caribbean (IDA & IBRD countries),1967,490.83
Latin America & the Caribbean (IDA & IBRD countries),1968,524.52
Latin America & the Caribbean (IDA & IBRD countries),1969,557.31
Latin America & the Caribbean (IDA & IBRD countries),1970,592.23
Latin America & the Caribbean (IDA & IBRD countries),1971,649.35
Latin America & the Caribbean (IDA & IBRD countries),1972,713.62
Latin America & the Caribbean (IDA & IBRD countries),1973,864.49
Least developed countries: UN classification,1985,228.33
Least developed countries: UN classification,1986,251.70
Least developed countries: UN classification,1987,281.85
Least developed countries: UN classification,1988,303.87
Least developed countries: UN classification,1989,317.33
Least developed countries: UN classification,1990,324.88
Least developed countries: UN classification,1991,344.36
Least developed countries: UN classification,1992,294.17
Least developed countries: UN classification,1993,276.59
Least developed countries: UN classification,1994,249.67
Least developed countries: UN classification,1995,262.00
Least developed countries: UN classification,1996,273.92
Least developed countries: UN classification,1997,288.70
Least developed countries: UN classification,1998,286.91
Least developed countries: UN classification,1999,288.40
Least developed countries: UN classification,2000,299.07
Least developed countries: UN classification,2001,305.91
Least developed countries: UN classification,2002,317.65
Least developed countries: UN classification,2003,341.21
Least developed countries: UN classification,2004,391.94
Least developed countries: UN classification,2005,445.31
Least developed countries: UN classification,2006,496.88
Least developed countries: UN classification,2007,568.08
Least developed countries: UN classification,2008,659.21
Least developed countries: UN classification,2009,721.86
Least developed countries: UN classification,2010,776.70
Least developed countries: UN classification,2011,833.41
Least developed countries: UN classification,2012,907.56
Least developed countries: UN classification,2013,983.55
Least developed countries: UN classification,2016,996.16
Lesotho,1966,80.00
Lesotho,1967,80.00
Lesotho,1968,80.00
Lesotho,1969,80.00
Lesotho,1970,90.00
Lesotho,1971,90.00
Lesotho,1972,100.00
Lesotho,1973,150.00
Lesotho,1974,220.00
Lesotho,1975,230.00
Lesotho,1976,280.00
Lesotho,1977,310.00
Lesotho,1978,340.00
Lesotho,1979,400.00
Lesotho,1980,440.00
Lesotho,1981,510.00
Lesotho,1982,610.00
Lesotho,1983,540.00
Lesotho,1984,490.00
Lesotho,1985,410.00
Lesotho,1986,390.00
Lesotho,1987,420.00
Lesotho,1988,500.00
Lesotho,1989,520.00
Lesotho,1990,550.00
Lesotho,1991,580.00
Lesotho,1992,650.00
Lesotho,1993,660.00
Lesotho,1994,680.00
Lesotho,1995,690.00
Lesotho,1996,700.00
Lesotho,1997,690.00
Lesotho,1998,620.00
Lesotho,1999,610.00
Lesotho,2000,580.00
Lesotho,2001,640.00
Lesotho,2002,590.00
Lesotho,2003,670.00
Lesotho,2004,810.00
Liberia,2002,250.00
Liberia,2003,180.00
Liberia,2004,210.00
Liberia,2005,250.00
Liberia,2006,290.00
Liberia,2007,330.00
Liberia,2008,390.00
Liberia,2009,430.00
Liberia,2010,460.00
Liberia,2011,520.00
Liberia,2012,570.00
Liberia,2013,650.00
Liberia,2014,650.00
Liberia,2015,650.00
Liberia,2016,640.00
Liberia,2017,640.00
Liberia,2018,630.00
Liberia,2019,610.00
Liberia,2020,600.00
Liberia,2021,620.00
Low & middle income,1962,133.08
Low & middle income,1963,143.27
Low & middle income,1964,157.33
Low & middle income,1965,171.11
Low & middle income,1966,179.04
Low & middle income,1967,179.49
Low & middle income,1968,184.12
Low & middle income,1969,200.33
Low & middle income,1970,216.94
Low & middle income,1971,229.29
Low & middle income,1972,247.15
Low & middle income,1973,294.99
Low & middle income,1974,365.77
Low & middle income,1975,433.22
Low & middle income,1976,455.35
Low & middle income,1977,473.40
Low & middle income,1978,508.65
Low & middle income,1979,583.01
Low & middle income,1980,667.38
Low & middle income,1981,719.94
Low & middle income,1982,714.30
Low & middle income,1983,676.32
Low & middle income,1984,663.14
Low & middle income,1985,665.34
Low & middle income,1986,692.76
Low & middle income,1987,741.54
Low & middle income,1988,784.55
Low & middle income,1989,783.07
Low & middle income,1990,821.84
Low & middle income,1991,821.27
Low & middle income,1992,858.33
Low & middle income,1993,880.62
Low & middle income,1994,926.92
Low & middle income,1995,995.42
Low income,1988,567.29
Low income,1989,588.49
Low income,1990,606.10
Low income,1991,657.61
Low income,1992,519.23
Low income,1993,468.46
Low income,1994,398.44
Low income,1995,400.73
Low income,1996,404.50
Low income,1997,417.34
Low income,1998,402.36
Low income,1999,395.87
Low income,2000,399.60
Low income,2001,417.86
Low income,2002,440.02
Low income,2003,477.26
Low income,2004,545.29
Low income,2005,612.11
Low income,2006,691.11
Low income,2007,792.81
Low income,2008,915.00
Low income,2011,887.57
Low income,2012,781.57
Low income,2013,758.13
Low income,2014,782.43
Low income,2015,759.81
Low income,2016,748.27
Low income,2017,759.06
Low income,2018,716.85
Low income,2019,719.10
Low income,2020,688.94
Low income,2021,721.62
Lower middle income,1967,113.46
Lower middle income,1968,114.41
Lower middle income,1969,123.81
Lower middle income,1970,133.59
Lower middle income,1971,140.13
Lower middle income,1972,150.73
Lower middle income,1973,175.60
Lower middle income,1974,219.00
Lower middle income,1975,263.03
Lower middle income,1976,289.18
Lower middle income,1977,303.98
Lower middle income,1978,329.98
Lower middle income,1979,371.97
Lower middle income,1980,430.17
Lower middle income,1981,478.24
Lower middle income,1982,508.04
Lower middle income,1983,509.40
Lower middle income,1984,486.97
Lower middle income,1985,493.59
Lower middle income,1986,513.72
Lower middle income,1987,541.96
Lower middle income,1988,556.40
Lower middle income,1989,534.43
Lower middle income,1990,529.17
Lower middle income,1991,506.99
Lower middle income,1992,510.00
Lower middle income,1993,494.92
Lower middle income,1994,509.98
Lower middle income,1995,547.66
Lower middle income,1996,600.38
Lower middle income,1997,623.54
Lower middle income,1998,585.22
Lower middle income,1999,588.76
Lower middle income,2000,595.67
Lower middle income,2001,618.68
Lower middle income,2002,633.70
Lower middle income,2003,697.83
Lower middle income,2004,810.21
Lower middle income,2005,925.77
Madagascar,1962,130.00
Madagascar,1963,130.00
Madagascar,1964,140.00
Madagascar,1965,140.00
Madagascar,1966,150.00
Madagascar,1967,160.00
Madagascar,1968,170.00
Madagascar,1969,170.00
Madagascar,1970,180.00
Madagascar,1971,180.00
Madagascar,1972,190.00
Madagascar,1973,210.00
Madagascar,1974,260.00
Madagascar,1975,310.00
Madagascar,1976,300.00
Madagascar,1977,310.00
Madagascar,1978,310.00
Madagascar,1979,390.00
Madagascar,1980,500.00
Madagascar,1981,510.00
Madagascar,1982,520.00
Madagascar,1983,480.00
Madagascar,1984,430.00
Madagascar,1985,400.00
Madagascar,1986,400.00
Madagascar,1987,370.00
Madagascar,1988,340.00
Madagascar,1989,300.00
Madagascar,1990,310.00
Madagascar,1991,280.00
Madagascar,1992,290.00
Madagascar,1993,290.00
Madagascar,1994,290.00
Madagascar,1995,280.00
Madagascar,1996,300.00
Madagascar,1997,300.00
Madagascar,1998,300.00
Madagascar,1999,280.00
Madagascar,2000,290.00
Madagascar,2001,300.00
Madagascar,2002,280.00
Madagascar,2003,340.00
Madagascar,2004,340.00
Madagascar,2005,340.00
Madagascar,2006,330.00
Madagascar,2007,380.00
Madagascar,2008,450.00
Madagascar,2009,470.00
Madagascar,2010,470.00
Madagascar,2011,480.00
Madagascar,2012,500.00
Madagascar,2013,520.00
Madagascar,2014,520.00
Madagascar,2015,490.00
Madagascar,2016,470.00
Madagascar,2017,470.00
Madagascar,2018,500.00
Madagascar,2019,520.00
Madagascar,2020,470.00
Madagascar,2021,500.00
Malawi,1962,50.00
Malawi,1963,50.00
Malawi,1964,50.00
Malawi,1965,50.00
Malawi,1966,60.00
Malawi,1967,60.00
Malawi,1968,60.00
Malawi,1969,60.00
Malawi,1970,60.00
Malawi,1971,70.00
Malawi,1972,80.00
Malawi,1973,90.00
Malawi,1974,110.00
Malawi,1975,130.00
Malawi,1976,130.00
Malawi,1977,130.00
Malawi,1978,150.00
Malawi,1979,170.00
Malawi,1980,190.00
Malawi,1981,190.00
Malawi,1982,180.00
Malawi,1983,170.00
Malawi,1984,170.00
Malawi,1985,160.00
Malawi,1986,150.00
Malawi,1987,150.00
Malawi,1988,160.00
Malawi,1989,160.00
Malawi,1990,180.00
Malawi,1991,210.00
Malawi,1992,200.00
Malawi,1993,220.00
Malawi,1994,160.00
Malawi,1995,160.00
Malawi,1996,170.00
Malawi,1997,200.00
Malawi,1998,200.00
Malawi,1999,180.00
Malawi,2000,160.00
Malawi,2001,140.00
Malawi,2002,170.00
Malawi,2003,220.00
Malawi,2004,300.00
Malawi,2005,300.00
Malawi,2006,310.00
Malawi,2007,330.00
Malawi,2008,370.00
Malawi,2009,410.00
Malawi,2010,450.00
Malawi,2011,490.00
Malawi,2012,460.00
Malawi,2013,410.00
Malawi,2014,370.00
Malawi,2015,350.00
Malawi,2016,340.00
Malawi,2017,380.00
Malawi,2018,440.00
Malawi,2019,560.00
Malawi,2020,590.00
Malawi,2021,630.00
Malaysia,1962,240.00
Malaysia,1963,250.00
Malaysia,1964,270.00
Malaysia,1965,300.00
Malaysia,1966,320.00
Malaysia,1967,330.00
Malaysia,1968,340.00
Malaysia,1969,350.00
Malaysia,1970,370.00
Malaysia,1971,390.00
Malaysia,1972,440.00
Malaysia,1973,570.00
Malaysia,1974,750.00
Malaysia,1975,860.00
Malaysia,1976,920.00
Malaysia,1977,970.00
Mali,1969,60.00
Mali,1970,60.00
Mali,1971,70.00
Mali,1972,80.00
Mali,1973,90.00
Mali,1974,100.00
Mali,1975,120.00
Mali,1976,140.00
Mali,1977,160.00
Mali,1978,170.00
Mali,1979,220.00
Mali,1980,250.00
Mali,1981,240.00
Mali,1982,200.00
Mali,1983,170.00
Mali,1984,160.00
Mali,1985,180.00
Mali,1986,200.00
Mali,1987,240.00
Mali,1988,290.00
Mali,1989,290.00
Mali,1990,290.00
Mali,1991,320.00
Mali,1992,330.00
Mali,1993,320.00
Mali,1994,280.00
Mali,1995,270.00
Mali,1996,270.00
Mali,1997,280.00
Mali,1998,280.00
Mali,1999,290.00
Mali,2000,280.00
Mali,2001,300.00
Mali,2002,290.00
Mali,2003,350.00
Mali,2004,400.00
Mali,2005,460.00
Mali,2006,500.00
Mali,2007,530.00
Mali,2008,610.00
Mali,2009,660.00
Mali,2010,700.00
Mali,2011,730.00
Mali,2012,730.00
Mali,2013,780.00
Mali,2014,810.00
Mali,2015,800.00
Mali,2016,780.00
Mali,2017,770.00
Mali,2018,830.00
Mali,2019,860.00
Mali,2020,830.00
Mali,2021,870.00
Mauritania,1963,180.00
Mauritania,1964,230.00
Mauritania,1965,260.00
Mauritania,1966,260.00
Mauritania,1967,270.00
Mauritania,1968,290.00
Mauritania,1969,280.00
Mauritania,1970,290.00
Mauritania,1971,280.00
Mauritania,1972,290.00
Mauritania,1973,340.00
Mauritania,1974,480.00
Mauritania,1975,510.00
Mauritania,1976,540.00
Mauritania,1977,550.00
Mauritania,1978,570.00
Mauritania,1979,640.00
Mauritania,1980,710.00
Mauritania,1981,720.00
Mauritania,1982,670.00
Mauritania,1983,640.00
Mauritania,1984,610.00
Mauritania,1985,580.00
Mauritania,1986,610.00
Mauritania,1987,670.00
Mauritania,1988,740.00
Mauritania,1989,760.00
Mauritania,1990,730.00
Mauritania,1991,810.00
Mauritania,1992,920.00
Mauritania,1993,970.00
Mauritania,1994,870.00
Mauritania,1995,900.00
Mauritania,1996,970.00
Mauritania,1997,870.00
Mauritania,1998,830.00
Mauritania,1999,820.00
Mauritania,2000,730.00
Mauritania,2001,650.00
Mauritania,2002,650.00
Mauritania,2003,710.00
Mauritania,2004,800.00
Mauritania,2005,940.00
Mexico,1962,360.00
Mexico,1963,390.00
Mexico,1964,440.00
Mexico,1965,480.00
Mexico,1966,510.00
Mexico,1967,560.00
Mexico,1968,610.00
Mexico,1969,640.00
Mexico,1970,680.00
Mexico,1971,730.00
Mexico,1972,820.00
Mexico,1973,990.00
Middle income,1962,135.91
Middle income,1963,146.60
Middle income,1964,161.32
Middle income,1965,175.50
Middle income,1966,183.77
Middle income,1967,184.05
Middle income,1968,188.75
Middle income,1969,205.58
Middle income,1970,222.74
Middle income,1971,235.58
Middle income,1972,254.15
Middle income,1973,303.73
Middle income,1974,376.63
Middle income,1975,446.15
Middle income,1976,469.02
Middle income,1977,487.68
Middle income,1978,524.49
Middle income,1979,601.55
Middle income,1980,688.82
Middle income,1981,743.76
Middle income,1982,738.92
Middle income,1983,700.66
Middle income,1984,688.02
Middle income,1985,690.87
Middle income,1986,718.72
Middle income,1987,768.42
Middle income,1988,812.46
Middle income,1989,810.47
Middle income,1990,851.37
Middle income,1991,849.38
Middle income,1992,893.37
Middle income,1993,919.41
Middle income,1994,971.86
Moldova,1997,630.00
Moldova,1998,580.00
Moldova,1999,510.00
Moldova,2000,490.00
Moldova,2001,500.00
Moldova,2002,590.00
Moldova,2003,710.00
Moldova,2004,910.00
Mongolia,1992,810.00
Mongolia,1993,510.00
Mongolia,1994,430.00
Mongolia,1995,460.00
Mongolia,1996,550.00
Mongolia,1997,580.00
Mongolia,1998,520.00
Mongolia,1999,480.00
Mongolia,2000,470.00
Mongolia,2001,480.00
Mongolia,2002,530.00
Mongolia,2003,610.00
Mongolia,2004,760.00
Mongolia,2005,900.00
Morocco,1968,220.00
Morocco,1969,240.00
Morocco,1970,250.00
Morocco,1971,270.00
Morocco,1972,290.00
Morocco,1973,350.00
Morocco,1974,440.00
Morocco,1975,540.00
Morocco,1976,580.00
Morocco,1977,600.00
Morocco,1978,650.00
Morocco,1979,780.00
Morocco,1980,980.00
Morocco,1981,960.00
Morocco,1982,940.00
Morocco,1983,790.00
Morocco,1984,730.00
Morocco,1985,680.00
Morocco,1986,770.00
Morocco,1987,860.00
Mozambique,1993,210.00
Mozambique,1994,190.00
Mozambique,1995,190.00
Mozambique,1996,210.00
Mozambique,1997,250.00
Mozambique,1998,290.00
Mozambique,1999,330.00
Mozambique,2000,320.00
Mozambique,2001,320.00
Mozambique,2002,290.00
Mozambique,2003,320.00
Mozambique,2004,360.00
Mozambique,2005,400.00
Mozambique,2006,420.00
Mozambique,2007,460.00
Mozambique,2008,500.00
Mozambique,2009,540.00
Mozambique,2010,520.00
Mozambique,2011,540.00
Mozambique,2012,600.00
Mozambique,2013,670.00
Mozambique,2014,690.00
Mozambique,2015,640.00
Mozambique,2016,530.00
Mozambique,2017,470.00
Mozambique,2018,460.00
Mozambique,2019,490.00
Mozambique,2020,470.00
Mozambique,2021,480.00
Myanmar,1963,30.00
Myanmar,1964,30.00
Myanmar,1965,20.00
Myanmar,1966,20.00
Myanmar,1967,10.00
Myanmar,1968,10.00
Myanmar,1969,20.00
Myanmar,1970,20.00
Myanmar,1971,20.00
Myanmar,1972,20.00
Myanmar,1973,20.00
Myanmar,1974,30.00
Myanmar,1975,40.00
Myanmar,1976,40.00
Myanmar,1977,40.00
Myanmar,1978,30.00
Myanmar,1979,30.00
Myanmar,1980,30.00
Myanmar,1981,30.00
Myanmar,1982,30.00
Myanmar,1983,30.00
Myanmar,1984,40.00
Myanmar,1985,30.00
Myanmar,1986,40.00
Myanmar,1987,40.00
Myanmar,1988,40.00
Myanmar,1989,40.00
Myanmar,1990,40.00
Myanmar,1991,40.00
Myanmar,1992,50.00
Myanmar,1993,60.00
Myanmar,1994,70.00
Myanmar,1995,90.00
Myanmar,1996,120.00
Myanmar,1997,130.00
Myanmar,1998,120.00
Myanmar,1999,120.00
Myanmar,2000,130.00
Myanmar,2001,140.00
Myanmar,2002,130.00
Myanmar,2003,150.00
Myanmar,2004,170.00
Myanmar,2005,200.00
Myanmar,2006,230.00
Myanmar,2007,270.00
Myanmar,2008,350.00
Myanmar,2009,460.00
Myanmar,2010,620.00
Myanmar,2011,800.00
Myanmar,2012,990.00
Nepal,1962,50.00
Nepal,1963,50.00
Nepal,1964,50.00
Nepal,1965,50.00
Nepal,1966,70.00
Nepal,1967,80.00
Nepal,1968,70.00
Nepal,1969,70.00
Nepal,1970,70.00
Nepal,1971,70.00
Nepal,1972,80.00
Nepal,1973,80.00
Nepal,1974,100.00
Nepal,1975,110.00
Nepal,1976,120.00
Nepal,1977,120.00
Nepal,1978,120.00
Nepal,1979,130.00
Nepal,1980,140.00
Nepal,1981,160.00
Nepal,1982,150.00
Nepal,1983,140.00
Nepal,1984,160.00
Nepal,1985,160.00
Nepal,1986,170.00
Nepal,1987,180.00
Nepal,1988,200.00
Nepal,1989,210.00
Nepal,1990,210.00
Nepal,1991,210.00
Nepal,1992,200.00
Nepal,1993,190.00
Nepal,1994,200.00
Nepal,1995,200.00
Nepal,1996,210.00
Nepal,1997,220.00
Nepal,1998,210.00
Nepal,1999,220.00
Nepal,2000,230.00
Nepal,2001,240.00
Nepal,2002,240.00
Nepal,2003,260.00
Nepal,2004,280.00
Nepal,2005,310.00
Nepal,2006,340.00
Nepal,2007,370.00
Nepal,2008,430.00
Nepal,2009,480.00
Nepal,2010,540.00
Nepal,2011,630.00
Nepal,2012,770.00
Nepal,2013,860.00
Nepal,2014,880.00
Nepal,2015,890.00
Nepal,2016,880.00
Nepal,2017,990.00
Nicaragua,1962,140.00
Nicaragua,1963,150.00
Nicaragua,1964,160.00
Nicaragua,1965,200.00
Nicaragua,1966,230.00
Nicaragua,1967,290.00
Nicaragua,1968,290.00
Nicaragua,1969,310.00
Nicaragua,1970,310.00
Nicaragua,1971,320.00
Nicaragua,1972,330.00
Nicaragua,1973,380.00
Nicaragua,1974,510.00
Nicaragua,1975,570.00
Nicaragua,1976,600.00
Nicaragua,1977,680.00
Nicaragua,1978,650.00
Nicaragua,1979,500.00
Nicaragua,1980,600.00
Nicaragua,1981,660.00
Nicaragua,1982,680.00
Nicaragua,1983,680.00
Nicaragua,1984,700.00
Nicaragua,1985,690.00
Nicaragua,1986,750.00
Nicaragua,1987,860.00
Nicaragua,1988,680.00
Nicaragua,1989,360.00
Nicaragua,1990,310.00
Nicaragua,1991,220.00
Nicaragua,1992,240.00
Nicaragua,1993,290.00
Nicaragua,1994,450.00
Nicaragua,1995,610.00
Nicaragua,1996,880.00
Nicaragua,1997,880.00
Nicaragua,1998,880.00
Nicaragua,1999,930.00
Nicaragua,2000,960.00
Nicaragua,2001,970.00
Nicaragua,2002,960.00
Niger,1962,150.00
Niger,1963,160.00
Niger,1964,160.00
Niger,1965,170.00
Niger,1966,170.00
Niger,1967,170.00
Niger,1968,160.00
Niger,1969,150.00
Niger,1970,150.00
Niger,1971,160.00
Niger,1972,150.00
Niger,1973,160.00
Niger,1974,210.00
Niger,1975,230.00
Niger,1976,220.00
Niger,1977,230.00
Niger,1978,280.00
Niger,1979,350.00
Niger,1980,410.00
Niger,1981,390.00
Niger,1982,360.00
Niger,1983,290.00
Niger,1984,210.00
Niger,1985,220.00
Niger,1986,250.00
Niger,1987,270.00
Niger,1988,330.00
Niger,1989,320.00
Niger,1990,340.00
Niger,1991,360.00
Niger,1992,420.00
Niger,1993,390.00
Niger,1994,300.00
Niger,1995,260.00
Niger,1996,240.00
Niger,1997,240.00
Niger,1998,250.00
Niger,1999,240.00
Niger,2000,220.00
Niger,2001,220.00
Niger,2002,220.00
Niger,2003,250.00
Niger,2004,280.00
Niger,2005,330.00
Niger,2006,360.00
Niger,2007,380.00
Niger,2008,440.00
Niger,2009,480.00
Niger,2010,520.00
Niger,2011,520.00
Niger,2012,550.00
Niger,2013,570.00
Niger,2014,590.00
Niger,2015,560.00
Niger,2016,530.00
Niger,2017,520.00
Niger,2018,570.00
Niger,2019,590.00
Niger,2020,550.00
Niger,2021,590.00
Nigeria,1962,100.00
Nigeria,1963,110.00
Nigeria,1964,110.00
Nigeria,1965,110.00
Nigeria,1966,110.00
Nigeria,1967,100.00
Nigeria,1968,100.00
Nigeria,1969,120.00
Nigeria,1970,170.00
Nigeria,1971,180.00
Nigeria,1972,200.00
Nigeria,1973,220.00
Nigeria,1974,340.00
Nigeria,1975,400.00
Nigeria,1976,510.00
Nigeria,1977,560.00
Nigeria,1978,560.00
Nigeria,1979,640.00
Nigeria,1980,760.00
Nigeria,1981,970.00
Nigeria,1985,970.00
Nigeria,1986,790.00
Nigeria,1987,710.00
Nigeria,1988,680.00
Nigeria,1989,550.00
Nigeria,1990,560.00
Nigeria,1991,510.00
Nigeria,1992,510.00
Nigeria,1993,360.00
Nigeria,1994,310.00
Nigeria,1995,310.00
Nigeria,1996,390.00
Nigeria,1997,440.00
Nigeria,1998,440.00
Nigeria,1999,460.00
Nigeria,2000,470.00
Nigeria,2001,530.00
Nigeria,2002,630.00
Nigeria,2003,710.00
Nigeria,2004,870.00
Oman,1967,160.00
Oman,1968,230.00
Oman,1969,280.00
Oman,1970,320.00
Oman,1971,330.00
Oman,1972,360.00
Oman,1973,310.00
Oman,1974,700.00
Pakistan,1962,90.00
Pakistan,1963,100.00
Pakistan,1964,100.00
Pakistan,1965,110.00
Pakistan,1966,120.00
Pakistan,1967,130.00
Pakistan,1968,150.00
Pakistan,1969,160.00
Pakistan,1970,170.00
Pakistan,1971,180.00
Pakistan,1972,170.00
Pakistan,1973,150.00
Pakistan,1974,150.00
Pakistan,1975,160.00
Pakistan,1976,180.00
Pakistan,1977,200.00
Pakistan,1978,240.00
Pakistan,1979,270.00
Pakistan,1980,320.00
Pakistan,1981,350.00
Pakistan,1982,360.00
Pakistan,1983,350.00
Pakistan,1984,350.00
Pakistan,1985,340.00
Pakistan,1986,360.00
Pakistan,1987,370.00
Pakistan,1988,400.00
Pakistan,1989,400.00
Pakistan,1990,400.00
Pakistan,1991,400.00
Pakistan,1992,430.00
Pakistan,1993,440.00
Pakistan,1994,440.00
Pakistan,1995,470.00
Pakistan,1996,480.00
Pakistan,1997,470.00
Pakistan,1998,450.00
Pakistan,1999,440.00
Pakistan,2000,480.00
Pakistan,2001,510.00
Pakistan,2002,530.00
Pakistan,2003,570.00
Pakistan,2004,660.00
Pakistan,2005,740.00
Pakistan,2006,800.00
Pakistan,2007,860.00
Pakistan,2008,920.00
Pakistan,2009,950.00
Pakistan,2010,970.00
Panama,1962,490.00
Panama,1963,530.00
Panama,1964,550.00
Panama,1965,590.00
Panama,1966,630.00
Panama,1967,670.00
Panama,1968,710.00
Panama,1969,770.00
Panama,1970,810.00
Panama,1971,890.00
Panama,1972,960.00
Papua New Guinea,1962,110.00
Papua New Guinea,1963,120.00
Papua New Guinea,1964,120.00
Papua New Guinea,1965,140.00
Papua New Guinea,1966,150.00
Papua New Guinea,1967,160.00
Papua New Guinea,1968,180.00
Papua New Guinea,1969,200.00
Papua New Guinea,1970,220.00
Papua New Guinea,1971,240.00
Papua New Guinea,1972,270.00
Papua New Guinea,1973,350.00
Papua New Guinea,1974,440.00
Papua New Guinea,1975,490.00
Papua New Guinea,1976,470.00
Papua New Guinea,1977,470.00
Papua New Guinea,1978,570.00
Papua New Guinea,1979,640.00
Papua New Guinea,1980,710.00
Papua New Guinea,1981,720.00
Papua New Guinea,1982,650.00
Papua New Guinea,1983,610.00
Papua New Guinea,1984,600.00
Papua New Guinea,1985,610.00
Papua New Guinea,1986,640.00
Papua New Guinea,1987,690.00
Papua New Guinea,1988,790.00
Papua New Guinea,1989,800.00
Papua New Guinea,1990,740.00
Papua New Guinea,1991,790.00
Papua New Guinea,1992,840.00
Papua New Guinea,1993,980.00
Papua New Guinea,1995,950.00
Papua New Guinea,1996,930.00
Papua New Guinea,1997,850.00
Papua New Guinea,1998,720.00
Papua New Guinea,1999,630.00
Papua New Guinea,2000,570.00
Papua New Guinea,2001,510.00
Papua New Guinea,2002,480.00
Papua New Guinea,2003,470.00
Papua New Guinea,2004,540.00
Papua New Guinea,2005,650.00
Papua New Guinea,2006,790.00
Peru,1962,290.00
Peru,1963,300.00
Peru,1964,340.00
Peru,1965,380.00
Peru,1966,450.00
Peru,1967,490.00
Peru,1968,470.00
Peru,1969,480.00
Peru,1970,500.00
Peru,1971,560.00
Peru,1972,630.00
Peru,1973,740.00
Peru,1974,930.00
Peru,1978,870.00
Peru,1979,910.00
Peru,1983,920.00
Peru,1984,890.00
Peru,1985,840.00
Peru,1986,830.00
Peru,1987,950.00
Peru,1988,790.00
Peru,1989,790.00
Peru,1990,840.00
Philippines,1962,250.00
Philippines,1963,220.00
Philippines,1964,190.00
Philippines,1965,210.00
Philippines,1966,220.00
Philippines,1967,230.00
Philippines,1968,250.00
Philippines,1969,270.00
Philippines,1970,250.00
Philippines,1971,250.00
Philippines,1972,250.00
Philippines,1973,300.00
Philippines,1974,360.00
Philippines,1975,430.00
Philippines,1976,480.00
Philippines,1977,510.00
Philippines,1978,570.00
Philippines,1979,670.00
Philippines,1980,790.00
Philippines,1981,850.00
Philippines,1982,840.00
Philippines,1983,770.00
Philippines,1984,660.00
Philippines,1985,590.00
Philippines,1986,620.00
Philippines,1987,690.00
Philippines,1988,750.00
Philippines,1989,800.00
Philippines,1990,830.00
Philippines,1991,830.00
Philippines,1992,880.00
Philippines,1993,930.00
Portugal,1962,410.00
Portugal,1963,430.00
Portugal,1964,470.00
Portugal,1965,520.00
Portugal,1966,570.00
Portugal,1967,640.00
Portugal,1968,730.00
Portugal,1969,790.00
Portugal,1970,950.00
Pre-demographic dividend,1980,647.60
Pre-demographic dividend,1981,693.08
Pre-demographic dividend,1982,732.94
Pre-demographic dividend,1983,718.27
Pre-demographic dividend,1984,624.08
Pre-demographic dividend,1985,591.86
Pre-demographic dividend,1986,580.25
Pre-demographic dividend,1987,609.46
Pre-demographic dividend,1988,635.63
Pre-demographic dividend,1989,611.93
Pre-demographic dividend,1990,766.21
Pre-demographic dividend,1991,443.99
Pre-demographic dividend,1992,386.94
Pre-demographic dividend,1993,327.29
Pre-demographic dividend,1994,288.79
Pre-demographic dividend,1995,300.24
Pre-demographic dividend,1996,327.79
Pre-demographic dividend,1997,371.81
Pre-demographic dividend,1998,380.04
Pre-demographic dividend,1999,398.50
Pre-demographic dividend,2000,415.28
Pre-demographic dividend,2001,436.02
Pre-demographic dividend,2002,457.58
Pre-demographic dividend,2003,475.14
Pre-demographic dividend,2004,585.87
Pre-demographic dividend,2005,677.66
Pre-demographic dividend,2006,819.34
Pre-demographic dividend,2007,971.89
Puerto Rico,1962,820.00
Puerto Rico,1963,900.00
Puerto Rico,1964,960.00
Rwanda,1962,40.00
Rwanda,1963,40.00
Rwanda,1964,40.00
Rwanda,1965,40.00
Rwanda,1966,40.00
Rwanda,1967,50.00
Rwanda,1968,50.00
Rwanda,1969,50.00
Rwanda,1970,60.00
Rwanda,1971,60.00
Rwanda,1972,60.00
Rwanda,1973,70.00
Rwanda,1974,80.00
Rwanda,1975,100.00
Rwanda,1976,130.00
Rwanda,1977,160.00
Rwanda,1978,180.00
Rwanda,1979,230.00
Rwanda,1980,270.00
Rwanda,1981,280.00
Rwanda,1982,270.00
Rwanda,1983,260.00
Rwanda,1984,250.00
Rwanda,1985,260.00
Rwanda,1986,290.00
Rwanda,1987,320.00
Rwanda,1988,350.00
Rwanda,1989,350.00
Rwanda,1990,350.00
Rwanda,1991,320.00
Rwanda,1992,340.00
Rwanda,1993,310.00
Rwanda,1994,150.00
Rwanda,1995,210.00
Rwanda,1996,220.00
Rwanda,1997,260.00
Rwanda,1998,260.00
Rwanda,1999,280.00
Rwanda,2000,280.00
Rwanda,2001,270.00
Rwanda,2002,260.00
Rwanda,2003,250.00
Rwanda,2004,270.00
Rwanda,2005,320.00
Rwanda,2006,360.00
Rwanda,2007,410.00
Rwanda,2008,490.00
Rwanda,2009,550.00
Rwanda,2010,600.00
Rwanda,2011,650.00
Rwanda,2012,700.00
Rwanda,2013,720.00
Rwanda,2014,740.00
Rwanda,2015,750.00
Rwanda,2016,740.00
Rwanda,2017,730.00
Rwanda,2018,780.00
Rwanda,2019,830.00
Rwanda,2020,770.00
Rwanda,2021,850.00
Samoa,1984,510.00
Samoa,1985,480.00
Samoa,1986,500.00
Samoa,1987,530.00
Samoa,1988,550.00
Samoa,1989,580.00
Samoa,1990,570.00
Samoa,1991,540.00
Sao Tome and Principe,2003,600.00
Sao Tome and Principe,2004,700.00
Sao Tome and Principe,2005,820.00
Sao Tome and Principe,2006,940.00
Sao Tome and Principe,2007,960.00
Saudi Arabia,1970,930.00
Senegal,1968,340.00
Senegal,1969,310.00
Senegal,1970,320.00
Senegal,1971,320.00
Senegal,1972,350.00
Senegal,1973,370.00
Senegal,1974,450.00
Senegal,1975,560.00
Senegal,1976,600.00
Senegal,1977,590.00
Senegal,1978,580.00
Senegal,1979,720.00
Senegal,1980,840.00
Senegal,1981,840.00
Senegal,1982,770.00
Senegal,1983,600.00
Senegal,1984,560.00
Senegal,1985,560.00
Senegal,1986,640.00
Senegal,1987,830.00
Senegal,1988,950.00
Senegal,1989,940.00
Senegal,1990,920.00
Senegal,1991,930.00
Senegal,1992,980.00
Senegal,1993,930.00
Senegal,1994,770.00
Senegal,1995,740.00
Senegal,1996,700.00
Senegal,1997,710.00
Senegal,1998,690.00
Senegal,1999,690.00
Senegal,2000,670.00
Senegal,2001,650.00
Senegal,2002,620.00
Senegal,2003,730.00
Senegal,2004,870.00
Senegal,2005,990.00
Seychelles,1962,290.00
Seychelles,1963,310.00
Seychelles,1964,330.00
Seychelles,1965,320.00
Seychelles,1966,360.00
Seychelles,1967,350.00
Seychelles,1968,350.00
Seychelles,1969,330.00
Seychelles,1970,350.00
Seychelles,1971,410.00
Seychelles,1972,480.00
Seychelles,1973,630.00
Seychelles,1974,770.00
Seychelles,1975,870.00
Seychelles,1976,910.00
Seychelles,1977,870.00
Sierra Leone,1964,150.00
Sierra Leone,1965,160.00
Sierra Leone,1966,150.00
Sierra Leone,1967,140.00
Sierra Leone,1968,140.00
Sierra Leone,1969,150.00
Sierra Leone,1970,160.00
Sierra Leone,1971,160.00
Sierra Leone,1972,170.00
Sierra Leone,1973,190.00
Sierra Leone,1974,220.00
Sierra Leone,1975,250.00
Sierra Leone,1976,220.00
Sierra Leone,1977,210.00
Sierra Leone,1978,240.00
Sierra Leone,1979,310.00
Sierra Leone,1980,370.00
Sierra Leone,1981,360.00
Sierra Leone,1982,350.00
Sierra Leone,1983,300.00
Sierra Leone,1984,290.00
Sierra Leone,1985,240.00
Sierra Leone,1986,170.00
Sierra Leone,1987,180.00
Sierra Leone,1988,170.00
Sierra Leone,1989,210.00
Sierra Leone,1990,190.00
Sierra Leone,1991,170.00
Sierra Leone,1992,130.00
Sierra Leone,1993,160.00
Sierra Leone,1994,160.00
Sierra Leone,1995,180.00
Sierra Leone,1996,210.00
Sierra Leone,1997,200.00
Sierra Leone,1998,170.00
Sierra Leone,1999,150.00
Sierra Leone,2000,140.00
Sierra Leone,2001,150.00
Sierra Leone,2002,200.00
Sierra Leone,2003,270.00
Sierra Leone,2004,280.00
Sierra Leone,2005,290.00
Sierra Leone,2006,300.00
Sierra Leone,2007,360.00
Sierra Leone,2008,420.00
Sierra Leone,2009,440.00
Sierra Leone,2010,420.00
Sierra Leone,2011,430.00
Sierra Leone,2012,530.00
Sierra Leone,2013,660.00
Sierra Leone,2014,700.00
Sierra Leone,2015,550.00
Sierra Leone,2016,490.00
Sierra Leone,2017,520.00
Sierra Leone,2018,490.00
Sierra Leone,2019,530.00
Sierra Leone,2020,510.00
Sierra Leone,2021,510.00
Singapore,1962,490.00
Singapore,1963,530.00
Singapore,1964,510.00
Singapore,1965,540.00
Singapore,1966,590.00
Singapore,1967,660.00
Singapore,1968,750.00
Singapore,1969,850.00
Singapore,1970,970.00
Solomon Islands,1982,760.00
Solomon Islands,1983,710.00
Solomon Islands,1984,670.00
Solomon Islands,1985,610.00
Solomon Islands,1986,580.00
Solomon Islands,1987,590.00
Solomon Islands,1988,600.00
Solomon Islands,1989,590.00
Solomon Islands,1990,630.00
Solomon Islands,1991,660.00
Solomon Islands,1992,800.00
Solomon Islands,1993,850.00
Solomon Islands,2000,980.00
Solomon Islands,2001,920.00
Solomon Islands,2002,830.00
Solomon Islands,2003,860.00
Solomon Islands,2004,900.00
Solomon Islands,2005,980.00
Somalia,1962,70.00
Somalia,1963,70.00
Somalia,1964,70.00
Somalia,1965,70.00
Somalia,1966,80.00
Somalia,1967,90.00
Somalia,1968,90.00
Somalia,1969,90.00
Somalia,1970,100.00
Somalia,1971,100.00
Somalia,1972,120.00
Somalia,1973,140.00
Somalia,1974,130.00
Somalia,1975,190.00
Somalia,1976,180.00
Somalia,1977,160.00
Somalia,1978,130.00
Somalia,1979,110.00
Somalia,1980,100.00
Somalia,1981,110.00
Somalia,1982,110.00
Somalia,1983,100.00
Somalia,1984,110.00
Somalia,1985,120.00
Somalia,1986,130.00
Somalia,1987,150.00
Somalia,1988,150.00
Somalia,1989,150.00
Somalia,1990,130.00
Somalia,2015,400.00
Somalia,2016,400.00
Somalia,2017,380.00
Somalia,2018,400.00
Somalia,2019,420.00
Somalia,2020,420.00
Somalia,2021,450.00
South Africa,1962,530.00
South Africa,1963,570.00
South Africa,1964,610.00
South Africa,1965,650.00
South Africa,1966,690.00
South Africa,1967,750.00
South Africa,1968,800.00
South Africa,1969,860.00
South Africa,1970,930.00
South Asia,1962,86.67
South Asia,1963,93.94
South Asia,1964,104.56
South Asia,1965,109.34
South Asia,1966,105.39
South Asia,1967,106.58
South Asia,1968,103.99
South Asia,1969,111.35
South Asia,1970,117.98
South Asia,1971,121.91
South Asia,1972,125.78
South Asia,1973,141.99
South Asia,1974,164.53
South Asia,1975,187.66
South Asia,1976,181.74
South Asia,1977,184.70
South Asia,1978,203.53
South Asia,1979,222.24
South Asia,1980,267.04
South Asia,1981,293.21
South Asia,1982,287.27
South Asia,1983,281.23
South Asia,1984,279.33
South Asia,1985,288.95
South Asia,1986,308.50
South Asia,1987,343.55
South Asia,1988,381.49
South Asia,1989,378.90
South Asia,1990,375.43
South Asia,1991,347.97
South Asia,1992,349.70
South Asia,1993,335.41
South Asia,1994,349.29
South Asia,1995,374.68
South Asia,1996,406.16
South Asia,1997,414.14
South Asia,1998,415.45
South Asia,1999,435.83
South Asia,2000,445.12
South Asia,2001,454.66
South Asia,2002,461.42
South Asia,2003,513.93
South Asia,2004,599.66
South Asia,2005,688.32
South Asia,2006,762.14
South Asia,2007,871.01
South Asia,2008,949.19
South Asia (IDA & IBRD),1962,86.67
South Asia (IDA & IBRD),1963,93.94
South Asia (IDA & IBRD),1964,104.56
South Asia (IDA & IBRD),1965,109.34
South Asia (IDA & IBRD),1966,105.39
South Asia (IDA & IBRD),1967,106.58
South Asia (IDA & IBRD),1968,103.99
South Asia (IDA & IBRD),1969,111.35
South Asia (IDA & IBRD),1970,117.98
South Asia (IDA & IBRD),1971,121.91
South Asia (IDA & IBRD),1972,125.78
South Asia (IDA & IBRD),1973,141.99
South Asia (IDA & IBRD),1974,164.53
South Asia (IDA & IBRD),1975,187.66
South Asia (IDA & IBRD),1976,181.74
South Asia (IDA & IBRD),1977,184.70
South Asia (IDA & IBRD),1978,203.53
South Asia (IDA & IBRD),1979,222.24
South Asia (IDA & IBRD),1980,267.04
South Asia (IDA & IBRD),1981,293.21
South Asia (IDA & IBRD),1982,287.27
South Asia (IDA & IBRD),1983,281.23
South Asia (IDA & IBRD),1984,279.33
South Asia (IDA & IBRD),1985,288.95
South Asia (IDA & IBRD),1986,308.50
South Asia (IDA & IBRD),1987,343.55
South Asia (IDA & IBRD),1988,381.49
South Asia (IDA & IBRD),1989,378.90
South Asia (IDA & IBRD),1990,375.43
South Asia (IDA & IBRD),1991,347.97
South Asia (IDA & IBRD),1992,349.70
South Asia (IDA & IBRD),1993,335.41
South Asia (IDA & IBRD),1994,349.29
South Asia (IDA & IBRD),1995,374.68
South Asia (IDA & IBRD),1996,406.16
South Asia (IDA & IBRD),1997,414.14
South Asia (IDA & IBRD),1998,415.45
South Asia (IDA & IBRD),1999,435.83
South Asia (IDA & IBRD),2000,445.12
South Asia (IDA & IBRD),2001,454.66
South Asia (IDA & IBRD),2002,461.42
South Asia (IDA & IBRD),2003,513.93
South Asia (IDA & IBRD),2004,599.66
South Asia (IDA & IBRD),2005,688.32
South Asia (IDA & IBRD),2006,762.14
South Asia (IDA & IBRD),2007,871.01
South Asia (IDA & IBRD),2008,949.19
South Sudan,2011,810.00
South Sudan,2012,850.00
Spain,1962,500.00
Spain,1963,570.00
Spain,1964,640.00
Spain,1965,730.00
Spain,1966,840.00
Spain,1967,930.00
Sri Lanka,1963,130.00
Sri Lanka,1964,130.00
Sri Lanka,1965,130.00
Sri Lanka,1966,150.00
Sri Lanka,1967,170.00
Sri Lanka,1968,160.00
Sri Lanka,1969,170.00
Sri Lanka,1970,170.00
Sri Lanka,1971,170.00
Sri Lanka,1972,180.00
Sri Lanka,1973,210.00
Sri Lanka,1974,250.00
Sri Lanka,1975,270.00
Sri Lanka,1976,260.00
Sri Lanka,1977,260.00
Sri Lanka,1978,240.00
Sri Lanka,1979,260.00
Sri Lanka,1980,280.00
Sri Lanka,1981,300.00
Sri Lanka,1982,310.00
Sri Lanka,1983,310.00
Sri Lanka,1984,330.00
Sri Lanka,1985,370.00
Sri Lanka,1986,410.00
Sri Lanka,1987,430.00
Sri Lanka,1988,460.00
Sri Lanka,1989,440.00
Sri Lanka,1990,460.00
Sri Lanka,1991,490.00
Sri Lanka,1992,550.00
Sri Lanka,1993,600.00
Sri Lanka,1994,640.00
Sri Lanka,1995,690.00
Sri Lanka,1996,740.00
Sri Lanka,1997,800.00
Sri Lanka,1998,820.00
Sri Lanka,1999,840.00
Sri Lanka,2000,870.00
Sri Lanka,2001,830.00
Sri Lanka,2002,840.00
Sri Lanka,2003,940.00
St. Vincent and the Grenadines,1962,180.00
St. Vincent and the Grenadines,1963,160.00
St. Vincent and the Grenadines,1964,170.00
St. Vincent and the Grenadines,1965,180.00
St. Vincent and the Grenadines,1966,180.00
St. Vincent and the Grenadines,1967,170.00
St. Vincent and the Grenadines,1968,190.00
St. Vincent and the Grenadines,1969,190.00
St. Vincent and the Grenadines,1970,210.00
St. Vincent and the Grenadines,1971,220.00
St. Vincent and the Grenadines,1972,300.00
St. Vincent and the Grenadines,1973,310.00
St. Vincent and the Grenadines,1974,340.00
St. Vincent and the Grenadines,1975,370.00
St. Vincent and the Grenadines,1976,390.00
St. Vincent and the Grenadines,1977,460.00
St. Vincent and the Grenadines,1978,560.00
St. Vincent and the Grenadines,1979,710.00
St. Vincent and the Grenadines,1980,830.00
St. Vincent and the Grenadines,1981,960.00
Sub-Saharan Africa,1962,126.57
Sub-Saharan Africa,1963,133.83
Sub-Saharan Africa,1964,140.28
Sub-Saharan Africa,1965,148.45
Sub-Saharan Africa,1966,154.26
Sub-Saharan Africa,1967,158.68
Sub-Saharan Africa,1968,165.78
Sub-Saharan Africa,1969,179.55
Sub-Saharan Africa,1970,201.70
Sub-Saharan Africa,1971,215.17
Sub-Saharan Africa,1972,229.33
Sub-Saharan Africa,1973,265.64
Sub-Saharan Africa,1974,345.79
Sub-Saharan Africa,1975,402.50
Sub-Saharan Africa,1976,429.07
Sub-Saharan Africa,1977,439.64
Sub-Saharan Africa,1978,461.81
Sub-Saharan Africa,1979,539.15
Sub-Saharan Africa,1980,644.40
Sub-Saharan Africa,1981,740.11
Sub-Saharan Africa,1982,773.78
Sub-Saharan Africa,1983,760.15
Sub-Saharan Africa,1984,670.79
Sub-Saharan Africa,1985,602.40
Sub-Saharan Africa,1986,573.13
Sub-Saharan Africa,1987,603.77
Sub-Saharan Africa,1988,662.48
Sub-Saharan Africa,1989,658.96
Sub-Saharan Africa,1990,660.59
Sub-Saharan Africa,1991,677.42
Sub-Saharan Africa,1992,652.68
Sub-Saharan Africa,1993,613.70
Sub-Saharan Africa,1994,584.51
Sub-Saharan Africa,1995,601.82
Sub-Saharan Africa,1996,618.67
Sub-Saharan Africa,1997,635.93
Sub-Saharan Africa,1998,600.53
Sub-Saharan Africa,1999,588.40
Sub-Saharan Africa,2000,581.27
Sub-Saharan Africa,2001,574.88
Sub-Saharan Africa,2002,583.85
Sub-Saharan Africa,2003,639.02
Sub-Saharan Africa,2004,777.47
Sub-Saharan Africa,2005,952.94
Sub-Saharan Africa (excluding high income),1962,126.54
Sub-Saharan Africa (excluding high income),1963,133.80
Sub-Saharan Africa (excluding high income),1964,140.26
Sub-Saharan Africa (excluding high income),1965,148.43
Sub-Saharan Africa (excluding high income),1966,154.23
Sub-Saharan Africa (excluding high income),1967,158.65
Sub-Saharan Africa (excluding high income),1968,165.75
Sub-Saharan Africa (excluding high income),1969,179.54
Sub-Saharan Africa (excluding high income),1970,201.69
Sub-Saharan Africa (excluding high income),1971,215.15
Sub-Saharan Africa (excluding high income),1972,229.30
Sub-Saharan Africa (excluding high income),1973,265.59
Sub-Saharan Africa (excluding high income),1974,345.74
Sub-Saharan Africa (excluding high income),1975,402.44
Sub-Saharan Africa (excluding high income),1976,429.01
Sub-Saharan Africa (excluding high income),1977,439.59
Sub-Saharan Africa (excluding high income),1978,461.71
Sub-Saharan Africa (excluding high income),1979,538.96
Sub-Saharan Africa (excluding high income),1980,644.19
Sub-Saharan Africa (excluding high income),1981,739.89
Sub-Saharan Africa (excluding high income),1982,773.58
Sub-Saharan Africa (excluding high income),1983,759.97
Sub-Saharan Africa (excluding high income),1984,670.59
Sub-Saharan Africa (excluding high income),1985,602.15
Sub-Saharan Africa (excluding high income),1986,572.84
Sub-Saharan Africa (excluding high income),1987,603.41
Sub-Saharan Africa (excluding high income),1988,662.02
Sub-Saharan Africa (excluding high income),1989,658.43
Sub-Saharan Africa (excluding high income),1990,660.00
Sub-Saharan Africa (excluding high income),1991,676.81
Sub-Saharan Africa (excluding high income),1992,651.97
Sub-Saharan Africa (excluding high income),1993,612.95
Sub-Saharan Africa (excluding high income),1994,583.73
Sub-Saharan Africa (excluding high income),1995,601.06
Sub-Saharan Africa (excluding high income),1996,617.88
Sub-Saharan Africa (excluding high income),1997,635.08
Sub-Saharan Africa (excluding high income),1998,599.68
Sub-Saharan Africa (excluding high income),1999,587.56
Sub-Saharan Africa (excluding high income),2000,580.44
Sub-Saharan Africa (excluding high income),2001,574.07
Sub-Saharan Africa (excluding high income),2002,583.10
Sub-Saharan Africa (excluding high income),2003,638.23
Sub-Saharan Africa (excluding high income),2004,776.51
Sub-Saharan Africa (excluding high income),2005,951.82
Sub-Saharan Africa (IDA & IBRD countries),1962,126.57
Sub-Saharan Africa (IDA & IBRD countries),1963,133.83
Sub-Saharan Africa (IDA & IBRD countries),1964,140.28
Sub-Saharan Africa (IDA & IBRD countries),1965,148.45
Sub-Saharan Africa (IDA & IBRD countries),1966,154.26
Sub-Saharan Africa (IDA & IBRD countries),1967,158.68
Sub-Saharan Africa (IDA & IBRD countries),1968,165.78
Sub-Saharan Africa (IDA & IBRD countries),1969,179.55
Sub-Saharan Africa (IDA & IBRD countries),1970,201.70
Sub-Saharan Africa (IDA & IBRD countries),1971,215.17
Sub-Saharan Africa (IDA & IBRD countries),1972,229.33
Sub-Saharan Africa (IDA & IBRD countries),1973,265.64
Sub-Saharan Africa (IDA & IBRD countries),1974,345.79
Sub-Saharan Africa (IDA & IBRD countries),1975,402.50
Sub-Saharan Africa (IDA & IBRD countries),1976,429.07
Sub-Saharan Africa (IDA & IBRD countries),1977,439.64
Sub-Saharan Africa (IDA & IBRD countries),1978,461.81
Sub-Saharan Africa (IDA & IBRD countries),1979,539.15
Sub-Saharan Africa (IDA & IBRD countries),1980,644.40
Sub-Saharan Africa (IDA & IBRD countries),1981,740.11
Sub-Saharan Africa (IDA & IBRD countries),1982,773.78
Sub-Saharan Africa (IDA & IBRD countries),1983,760.15
Sub-Saharan Africa (IDA & IBRD countries),1984,670.79
Sub-Saharan Africa (IDA & IBRD countries),1985,602.40
Sub-Saharan Africa (IDA & IBRD countries),1986,573.13
Sub-Saharan Africa (IDA & IBRD countries),1987,603.77
Sub-Saharan Africa (IDA & IBRD countries),1988,662.48
Sub-Saharan Africa (IDA & IBRD countries),1989,658.96
Sub-Saharan Africa (IDA & IBRD countries),1990,660.59
Sub-Saharan Africa (IDA & IBRD countries),1991,677.42
Sub-Saharan Africa (IDA & IBRD countries),1992,652.68
Sub-Saharan Africa (IDA & IBRD countries),1993,613.70
Sub-Saharan Africa (IDA & IBRD countries),1994,584.51
Sub-Saharan Africa (IDA & IBRD countries),1995,601.82
Sub-Saharan Africa (IDA & IBRD countries),1996,618.67
Sub-Saharan Africa (IDA & IBRD countries),1997,635.93
Sub-Saharan Africa (IDA & IBRD countries),1998,600.53
Sub-Saharan Africa (IDA & IBRD countries),1999,588.40
Sub-Saharan Africa (IDA & IBRD countries),2000,581.27
Sub-Saharan Africa (IDA & IBRD countries),2001,574.88
Sub-Saharan Africa (IDA & IBRD countries),2002,583.85
Sub-Saharan Africa (IDA & IBRD countries),2003,639.02
Sub-Saharan Africa (IDA & IBRD countries),2004,777.47
Sub-Saharan Africa (IDA & IBRD countries),2005,952.94
Sudan,1962,140.00
Sudan,1963,140.00
Sudan,1964,140.00
Sudan,1965,140.00
Sudan,1966,140.00
Sudan,1967,140.00
Sudan,1968,150.00
Sudan,1969,160.00
Sudan,1970,170.00
Sudan,1971,180.00
Sudan,1972,190.00
Sudan,1973,220.00
Sudan,1974,290.00
Sudan,1975,380.00
Sudan,1976,440.00
Sudan,1977,480.00
Sudan,1978,460.00
Sudan,1979,490.00
Sudan,1980,510.00
Sudan,1981,540.00
Sudan,1982,480.00
Sudan,1983,410.00
Sudan,1984,370.00
Sudan,1985,360.00
Sudan,1986,420.00
Sudan,1987,500.00
Sudan,1988,560.00
Sudan,1989,670.00
Sudan,1990,790.00
Sudan,1992,530.00
Sudan,1993,370.00
Sudan,1994,320.00
Sudan,1995,400.00
Sudan,1996,400.00
Sudan,1997,400.00
Sudan,1998,340.00
Sudan,1999,330.00
Sudan,2000,340.00
Sudan,2001,370.00
Sudan,2002,430.00
Sudan,2003,520.00
Sudan,2004,620.00
Sudan,2005,760.00
Sudan,2006,930.00
Sudan,2019,940.00
Sudan,2020,640.00
Sudan,2021,670.00
Suriname,1962,270.00
Suriname,1963,230.00
Suriname,1964,250.00
Suriname,1965,370.00
Suriname,1966,450.00
Suriname,1967,510.00
Suriname,1968,520.00
Suriname,1969,530.00
Suriname,1970,570.00
Suriname,1971,610.00
Suriname,1972,690.00
Suriname,1973,770.00
Suriname,1974,980.00
Suriname,1993,970.00
Syrian Arab Republic,2016,860.00
Syrian Arab Republic,2017,820.00
Syrian Arab Republic,2018,930.00
Tajikistan,1992,280.00
Tajikistan,1993,240.00
Tajikistan,1994,220.00
Tajikistan,1995,210.00
Tajikistan,1996,170.00
Tajikistan,1997,170.00
Tajikistan,1998,180.00
Tajikistan,1999,180.00
Tajikistan,2000,170.00
Tajikistan,2001,160.00
Tajikistan,2002,170.00
Tajikistan,2003,210.00
Tajikistan,2004,270.00
Tajikistan,2005,380.00
Tajikistan,2006,470.00
Tajikistan,2007,580.00
Tajikistan,2008,750.00
Tajikistan,2009,800.00
Tajikistan,2010,920.00
Tanzania,1990,200.00
Tanzania,1991,190.00
Tanzania,1992,180.00
Tanzania,1993,170.00
Tanzania,1994,160.00
Tanzania,1995,170.00
Tanzania,1996,190.00
Tanzania,1997,220.00
Tanzania,1998,270.00
Tanzania,1999,330.00
Tanzania,2000,410.00
Tanzania,2001,410.00
Tanzania,2002,420.00
Tanzania,2003,430.00
Tanzania,2004,470.00
Tanzania,2005,500.00
Tanzania,2006,520.00
Tanzania,2007,540.00
Tanzania,2008,600.00
Tanzania,2009,670.00
Tanzania,2010,720.00
Tanzania,2011,770.00
Tanzania,2012,810.00
Tanzania,2013,890.00
Tanzania,2014,970.00
Tanzania,2015,980.00
Tanzania,2016,970.00
Tanzania,2017,970.00
Thailand,1962,110.00
Thailand,1963,120.00
Thailand,1964,130.00
Thailand,1965,140.00
Thailand,1966,160.00
Thailand,1967,170.00
Thailand,1968,180.00
Thailand,1969,190.00
Thailand,1970,210.00
Thailand,1971,210.00
Thailand,1972,220.00
Thailand,1973,260.00
Thailand,1974,330.00
Thailand,1975,380.00
Thailand,1976,420.00
Thailand,1977,450.00
Thailand,1978,530.00
Thailand,1979,610.00
Thailand,1980,710.00
Thailand,1981,760.00
Thailand,1982,760.00
Thailand,1983,760.00
Thailand,1984,790.00
Thailand,1985,790.00
Thailand,1986,830.00
Thailand,1987,950.00
Timor-Leste,2002,750.00
Timor-Leste,2003,670.00
Timor-Leste,2004,780.00
Timor-Leste,2005,930.00
Togo,1962,90.00
Togo,1963,90.00
Togo,1964,100.00
Togo,1965,110.00
Togo,1966,120.00
Togo,1967,120.00
Togo,1968,130.00
Togo,1969,140.00
Togo,1970,130.00
Togo,1971,130.00
Togo,1972,140.00
Togo,1973,170.00
Togo,1974,220.00
Togo,1975,260.00
Togo,1976,270.00
Togo,1977,290.00
Togo,1978,330.00
Togo,1979,350.00
Togo,1980,420.00
Togo,1981,390.00
Togo,1982,320.00
Togo,1983,250.00
Togo,1984,230.00
Togo,1985,230.00
Togo,1986,250.00
Togo,1987,310.00
Togo,1988,390.00
Togo,1989,400.00
Togo,1990,400.00
Togo,1991,400.00
Togo,1992,420.00
Togo,1993,330.00
Togo,1994,310.00
Togo,1995,300.00
Togo,1996,310.00
Togo,1997,350.00
Togo,1998,330.00
Togo,1999,310.00
Togo,2000,310.00
Togo,2001,290.00
Togo,2002,300.00
Togo,2003,350.00
Togo,2004,390.00
Togo,2005,400.00
Togo,2006,410.00
Togo,2007,420.00
Togo,2008,470.00
Togo,2009,530.00
Togo,2010,560.00
Togo,2011,610.00
Togo,2012,590.00
Togo,2013,620.00
Togo,2014,640.00
Togo,2015,640.00
Togo,2016,670.00
Togo,2017,720.00
Togo,2018,880.00
Togo,2019,920.00
Togo,2020,920.00
Togo,2021,980.00
Tonga,1983,690.00
Tonga,1984,690.00
Tonga,1985,720.00
Tonga,1986,770.00
Tonga,1987,870.00
Trinidad and Tobago,1962,640.00
Trinidad and Tobago,1963,750.00
Trinidad and Tobago,1964,800.00
Trinidad and Tobago,1965,820.00
Trinidad and Tobago,1966,760.00
Trinidad and Tobago,1967,770.00
Trinidad and Tobago,1968,790.00
Trinidad and Tobago,1969,810.00
Trinidad and Tobago,1970,830.00
Trinidad and Tobago,1971,870.00
Tunisia,1967,220.00
Tunisia,1968,250.00
Tunisia,1969,260.00
Tunisia,1970,270.00
Tunisia,1971,310.00
Tunisia,1972,400.00
Tunisia,1973,460.00
Tunisia,1974,610.00
Tunisia,1975,760.00
Tunisia,1976,810.00
Tunisia,1977,850.00
Tunisia,1978,940.00
Turkiye,1967,470.00
Turkiye,1968,520.00
Turkiye,1969,560.00
Turkiye,1970,560.00
Turkiye,1971,540.00
Turkiye,1972,560.00
Turkiye,1973,640.00
Turkiye,1974,850.00
Turkmenistan,1993,800.00
Turkmenistan,1994,680.00
Turkmenistan,1995,610.00
Turkmenistan,1996,610.00
Turkmenistan,1997,550.00
Turkmenistan,1998,560.00
Turkmenistan,1999,620.00
Turkmenistan,2000,600.00
Turkmenistan,2001,650.00
Turkmenistan,2002,750.00
Turkmenistan,2003,990.00
Uganda,1984,180.00
Uganda,1985,200.00
Uganda,1986,250.00
Uganda,1987,310.00
Uganda,1988,400.00
Uganda,1989,400.00
Uganda,1990,320.00
Uganda,1991,250.00
Uganda,1992,190.00
Uganda,1993,180.00
Uganda,1994,180.00
Uganda,1995,230.00
Uganda,1996,280.00
Uganda,1997,300.00
Uganda,1998,290.00
Uganda,1999,290.00
Uganda,2000,270.00
Uganda,2001,250.00
Uganda,2002,250.00
Uganda,2003,260.00
Uganda,2004,280.00
Uganda,2005,310.00
Uganda,2006,350.00
Uganda,2007,390.00
Uganda,2008,430.00
Uganda,2009,550.00
Uganda,2010,680.00
Uganda,2011,850.00
Uganda,2012,830.00
Uganda,2013,800.00
Uganda,2014,820.00
Uganda,2015,830.00
Uganda,2016,800.00
Uganda,2017,740.00
Uganda,2018,750.00
Uganda,2019,780.00
Uganda,2020,800.00
Uganda,2021,840.00
Ukraine,1995,920.00
Ukraine,1996,860.00
Ukraine,1997,890.00
Ukraine,1998,850.00
Ukraine,1999,760.00
Ukraine,2000,680.00
Ukraine,2001,720.00
Ukraine,2002,790.00
Ukraine,2003,980.00
Upper middle income,1962,171.09
Upper middle income,1963,186.76
Upper middle income,1964,209.15
Upper middle income,1965,232.44
Upper middle income,1966,251.53
Upper middle income,1967,250.19
Upper middle income,1968,258.65
Upper middle income,1969,282.57
Upper middle income,1970,306.75
Upper middle income,1971,325.76
Upper middle income,1972,352.03
Upper middle income,1973,426.19
Upper middle income,1974,527.37
Upper middle income,1975,621.04
Upper middle income,1976,638.21
Upper middle income,1977,660.50
Upper middle income,1978,707.63
Upper middle income,1979,821.13
Upper middle income,1980,936.57
Upper middle income,1981,996.27
Upper middle income,1982,950.46
Upper middle income,1983,868.46
Upper middle income,1984,870.37
Upper middle income,1985,869.35
Upper middle income,1986,905.13
Upper middle income,1987,978.08
Uruguay,1962,580.00
Uruguay,1963,610.00
Uruguay,1964,660.00
Uruguay,1965,680.00
Uruguay,1966,720.00
Uruguay,1967,640.00
Uruguay,1968,610.00
Uruguay,1969,670.00
Uruguay,1970,820.00
Uruguay,1971,850.00
Uruguay,1972,870.00
Uzbekistan,1992,600.00
Uzbekistan,1993,590.00
Uzbekistan,1994,570.00
Uzbekistan,1995,580.00
Uzbekistan,1996,600.00
Uzbekistan,1997,610.00
Uzbekistan,1998,620.00
Uzbekistan,1999,650.00
Uzbekistan,2000,630.00
Uzbekistan,2001,560.00
Uzbekistan,2002,450.00
Uzbekistan,2003,420.00
Uzbekistan,2004,460.00
Uzbekistan,2005,530.00
Uzbekistan,2006,610.00
Uzbekistan,2007,770.00
Uzbekistan,2008,980.00
Vanuatu,1981,940.00
Vanuatu,1982,840.00
Vanuatu,1983,800.00
Vanuatu,1984,900.00
Vanuatu,1985,930.00
Vanuatu,1986,980.00
Vanuatu,1987,890.00
Vanuatu,1988,990.00
Vietnam,1989,210.00
Vietnam,1990,130.00
Vietnam,1991,110.00
Vietnam,1992,130.00
Vietnam,1993,160.00
Vietnam,1994,190.00
Vietnam,1995,250.00
Vietnam,1996,300.00
Vietnam,1997,330.00
Vietnam,1998,340.00
Vietnam,1999,350.00
Vietnam,2000,380.00
Vietnam,2001,400.00
Vietnam,2002,420.00
Vietnam,2003,460.00
Vietnam,2004,530.00
Vietnam,2005,630.00
Vietnam,2006,720.00
Vietnam,2007,840.00
Vietnam,2008,980.00
World,1962,481.69
World,1963,508.60
World,1964,544.75
World,1965,586.37
World,1966,628.95
World,1967,656.34
World,1968,704.39
World,1969,760.11
World,1970,803.21
World,1971,863.99
World,1972,971.18
Zambia,1962,190.00
Zambia,1963,190.00
Zambia,1964,210.00
Zambia,1965,270.00
Zambia,1966,280.00
Zambia,1967,330.00
Zambia,1968,370.00
Zambia,1969,410.00
Zambia,1970,450.00
Zambia,1971,440.00
Zambia,1972,440.00
Zambia,1973,450.00
Zambia,1974,580.00
Zambia,1975,590.00
Zambia,1976,570.00
Zambia,1977,500.00
Zambia,1978,490.00
Zambia,1979,510.00
Zambia,1980,610.00
Zambia,1981,690.00
Zambia,1982,610.00
Zambia,1983,500.00
Zambia,1984,420.00
Zambia,1985,340.00
Zambia,1986,250.00
Zambia,1987,260.00
Zambia,1988,330.00
Zambia,1989,400.00
Zambia,1990,430.00
Zambia,1991,390.00
Zambia,1992,360.00
Zambia,1993,380.00
Zambia,1994,350.00
Zambia,1995,380.00
Zambia,1996,400.00
Zambia,1997,400.00
Zambia,1998,360.00
Zambia,1999,350.00
Zambia,2000,330.00
Zambia,2001,350.00
Zambia,2002,360.00
Zambia,2003,410.00
Zambia,2004,460.00
Zambia,2005,560.00
Zambia,2006,720.00
Zambia,2007,900.00
Zimbabwe,1962,270.00
Zimbabwe,1963,270.00
Zimbabwe,1964,260.00
Zimbabwe,1965,280.00
Zimbabwe,1966,280.00
Zimbabwe,1967,300.00
Zimbabwe,1968,300.00
Zimbabwe,1969,340.00
Zimbabwe,1970,400.00
Zimbabwe,1971,410.00
Zimbabwe,1972,450.00
Zimbabwe,1973,530.00
Zimbabwe,1974,670.00
Zimbabwe,1975,730.00
Zimbabwe,1976,710.00
Zimbabwe,1977,650.00
Zimbabwe,1978,650.00
Zimbabwe,1979,730.00
Zimbabwe,1980,900.00
Zimbabwe,1983,960.00
Zimbabwe,1984,830.00
Zimbabwe,1985,740.00
Zimbabwe,1986,690.00
Zimbabwe,1987,700.00
Zimbabwe,1988,810.00
Zimbabwe,1989,840.00
Zimbabwe,1990,860.00
Zimbabwe,1991,850.00
Zimbabwe,1992,700.00
Zimbabwe,1993,640.00
Zimbabwe,1994,630.00
Zimbabwe,1995,620.00
Zimbabwe,1996,690.00
Zimbabwe,1997,700.00
Zimbabwe,1998,620.00
Zimbabwe,1999,570.00
Zimbabwe,2000,510.00
Zimbabwe,2001,540.00
Zimbabwe,2002,490.00
Zimbabwe,2003,440.00
Zimbabwe,2004,450.00
Zimbabwe,2005,460.00
Zimbabwe,2006,440.00
Zimbabwe,2007,420.00
Zimbabwe,2008,330.00
Zimbabwe,2009,480.00
Zimbabwe,2010,700.00
