COUNTRY,YEAR,VALUE
Albania,1989,
Albania,1990,
Albania,1991,
Albania,1992,
Albania,1993,
Albania,1994,
Albania,1995,
Albania,1996,
Albania,1997,
Albania,1998,
Albania,1999,
Albania,2000,
Albania,2001,
Albania,2002,
Albania,2003,
Albania,2004,
Albania,2005,
Albania,2006,6.31
Albania,2007,4.63
Albania,2008,4.75
Albania,2009,5.65
Albania,2010,5.66
Albania,2011,6.46
Albania,2012,6.79
Albania,2013,7.3
Albania,2014,7.03
Albania,2015,6.8
Albania,2016,6.1
Albania,2017,5.17
Albania,2018,4.67
Albania,2019,
Algeria,1989,
Algeria,1990,
Algeria,1991,
Algeria,1992,
Algeria,1993,
Algeria,1994,
Algeria,1995,
Algeria,1996,
Algeria,1997,
Algeria,1998,
Algeria,1999,
Algeria,2000,
Algeria,2001,
Algeria,2002,
Algeria,2003,
Algeria,2004,
Algeria,2005,
Algeria,2006,
Algeria,2007,
Algeria,2008,
Algeria,2009,
Algeria,2010,
Algeria,2011,
Algeria,2012,
Algeria,2013,3
Algeria,2014,
Algeria,2015,
Algeria,2016,3.31
Algeria,2017,
Algeria,2018,
Algeria,2019,
Angola,1989,
Angola,1990,
Angola,1991,
Angola,1992,
Angola,1993,
Angola,1994,
Angola,1995,
Angola,1996,
Angola,1997,
Angola,1998,
Angola,1999,
Angola,2000,
Angola,2001,
Angola,2002,
Angola,2003,
Angola,2004,
Angola,2005,
Angola,2006,
Angola,2007,
Angola,2008,0.755
Angola,2009,
Angola,2010,1.42
Angola,2011,
Angola,2012,
Angola,2013,
Angola,2014,
Angola,2015,
Angola,2016,
Angola,2017,
Angola,2018,
Angola,2019,
Argentina,1989,
Argentina,1990,
Argentina,1991,
Argentina,1992,
Argentina,1993,
Argentina,1994,
Argentina,1995,
Argentina,1996,
Argentina,1997,
Argentina,1998,
Argentina,1999,
Argentina,2000,
Argentina,2001,
Argentina,2002,
Argentina,2003,1.53
Argentina,2004,1.28
Argentina,2005,0.917
Argentina,2006,
Argentina,2007,0.759
Argentina,2008,0.812
Argentina,2009,0.776
Argentina,2010,0.722
Argentina,2011,0.695
Argentina,2012,0.73
Argentina,2013,0.813
Argentina,2014,
Argentina,2015,
Argentina,2016,1.06
Argentina,2017,1.2
Argentina,2018,1.37
Argentina,2019,1.29
Armenia,1989,
Armenia,1990,
Armenia,1991,
Armenia,1992,
Armenia,1993,
Armenia,1994,
Armenia,1995,
Armenia,1996,
Armenia,1997,
Armenia,1998,
Armenia,1999,
Armenia,2000,
Armenia,2001,
Armenia,2002,
Armenia,2003,
Armenia,2004,
Armenia,2005,
Armenia,2006,3.23
Armenia,2007,7.18
Armenia,2008,
Armenia,2009,6.21
Armenia,2010,
Armenia,2011,5.29
Armenia,2012,7.5
Armenia,2013,6.69
Armenia,2014,7.27
Armenia,2015,5.72
Armenia,2016,5.59
Armenia,2017,5.6
Armenia,2018,5.48
Armenia,2019,
Australia,1989,1.54
Australia,1990,2.23
Australia,1991,2.64
Australia,1992,2.65
Australia,1993,2.29
Australia,1994,2.05
Australia,1995,2.02
Australia,1996,1.96
Australia,1997,1.87
Australia,1998,1.61
Australia,1999,1.45
Australia,2000,1.57
Australia,2001,1.47
Australia,2002,1.34
Australia,2003,1.19
Australia,2004,1.11
Australia,2005,1.01
Australia,2006,0.876
Australia,2007,0.903
Australia,2008,1.29
Australia,2009,1.12
Australia,2010,1.12
Australia,2011,1.2
Australia,2012,1.28
Australia,2013,1.35
Australia,2014,1.38
Australia,2015,1.24
Australia,2016,1.24
Australia,2017,1.18
Australia,2018,
Australia,2019,
Austria,1989,
Austria,1990,
Austria,1991,
Austria,1992,
Austria,1993,0.969
Austria,1994,0.796
Austria,1995,1.14
Austria,1996,1.15
Austria,1997,1.15
Austria,1998,1.04
Austria,1999,1.09
Austria,2000,0.813
Austria,2001,0.827
Austria,2002,1.09
Austria,2003,1.27
Austria,2004,1.28
Austria,2005,1.26
Austria,2006,1.09
Austria,2007,0.947
Austria,2008,1.23
Austria,2009,1.24
Austria,2010,1.12
Austria,2011,1.18
Austria,2012,1.31
Austria,2013,1.53
Austria,2014,1.75
Austria,2015,1.86
Austria,2016,1.68
Austria,2017,1.26
Austria,2018,1.06
Austria,2019,1.3
Azerbaijan,1989,
Azerbaijan,1990,
Azerbaijan,1991,
Azerbaijan,1992,
Azerbaijan,1993,
Azerbaijan,1994,
Azerbaijan,1995,
Azerbaijan,1996,
Azerbaijan,1997,
Azerbaijan,1998,
Azerbaijan,1999,
Azerbaijan,2000,
Azerbaijan,2001,
Azerbaijan,2002,
Azerbaijan,2003,
Azerbaijan,2004,
Azerbaijan,2005,
Azerbaijan,2006,
Azerbaijan,2007,
Azerbaijan,2008,2.17
Azerbaijan,2009,1.94
Azerbaijan,2010,1.95
Azerbaijan,2011,1.9
Azerbaijan,2012,1.79
Azerbaijan,2013,1.78
Azerbaijan,2014,1.82
Azerbaijan,2015,1.88
Azerbaijan,2016,1.78
Azerbaijan,2017,1.85
Azerbaijan,2018,1.82
Azerbaijan,2019,
Bangladesh,1989,
Bangladesh,1990,
Bangladesh,1991,
Bangladesh,1992,
Bangladesh,1993,
Bangladesh,1994,
Bangladesh,1995,
Bangladesh,1996,
Bangladesh,1997,
Bangladesh,1998,
Bangladesh,1999,
Bangladesh,2000,
Bangladesh,2001,
Bangladesh,2002,
Bangladesh,2003,
Bangladesh,2004,
Bangladesh,2005,0.138
Bangladesh,2006,
Bangladesh,2007,
Bangladesh,2008,
Bangladesh,2009,1.35
Bangladesh,2010,
Bangladesh,2011,
Bangladesh,2012,0.855
Bangladesh,2013,
Bangladesh,2014,
Bangladesh,2015,
Bangladesh,2016,0.555
Bangladesh,2017,
Bangladesh,2018,
Bangladesh,2019,
Belarus,1989,
Belarus,1990,
Belarus,1991,
Belarus,1992,
Belarus,1993,
Belarus,1994,
Belarus,1995,
Belarus,1996,
Belarus,1997,
Belarus,1998,
Belarus,1999,
Belarus,2000,
Belarus,2001,
Belarus,2002,
Belarus,2003,
Belarus,2004,
Belarus,2005,
Belarus,2006,
Belarus,2007,
Belarus,2008,
Belarus,2009,
Belarus,2010,
Belarus,2011,
Belarus,2012,
Belarus,2013,
Belarus,2014,0.152
Belarus,2015,1.67
Belarus,2016,2.05
Belarus,2017,1.49
Belarus,2018,1.14
Belarus,2019,1.16
Belgium,1989,
Belgium,1990,
Belgium,1991,1.68
Belgium,1992,1.95
Belgium,1993,2.74
Belgium,1994,2.75
Belgium,1995,2.73
Belgium,1996,2.66
Belgium,1997,2.79
Belgium,1998,2.72
Belgium,1999,1.86
Belgium,2000,1.88
Belgium,2001,2.03
Belgium,2002,2.3
Belgium,2003,2.3
Belgium,2004,2.46
Belgium,2005,2.37
Belgium,2006,2.14
Belgium,2007,1.99
Belgium,2008,2.29
Belgium,2009,2.7
Belgium,2010,2.23
Belgium,2011,2.37
Belgium,2012,2.73
Belgium,2013,2.98
Belgium,2014,2.93
Belgium,2015,2.56
Belgium,2016,2.26
Belgium,2017,1.92
Belgium,2018,1.66
Belgium,2019,1.67
Belize,1989,
Belize,1990,
Belize,1991,
Belize,1992,
Belize,1993,
Belize,1994,
Belize,1995,
Belize,1996,
Belize,1997,
Belize,1998,
Belize,1999,
Belize,2000,
Belize,2001,
Belize,2002,
Belize,2003,
Belize,2004,
Belize,2005,
Belize,2006,
Belize,2007,
Belize,2008,
Belize,2009,
Belize,2010,
Belize,2011,
Belize,2012,
Belize,2013,1.61
Belize,2014,1.67
Belize,2015,1.51
Belize,2016,1.48
Belize,2017,
Belize,2018,
Belize,2019,
Benin,1989,
Benin,1990,
Benin,1991,
Benin,1992,
Benin,1993,
Benin,1994,
Benin,1995,
Benin,1996,
Benin,1997,
Benin,1998,
Benin,1999,
Benin,2000,
Benin,2001,
Benin,2002,
Benin,2003,
Benin,2004,
Benin,2005,
Benin,2006,
Benin,2007,
Benin,2008,
Benin,2009,
Benin,2010,
Benin,2011,
Benin,2012,
Benin,2013,
Benin,2014,
Benin,2015,
Benin,2016,
Benin,2017,0.32
Benin,2018,
Benin,2019,
Bhutan,1989,
Bhutan,1990,
Bhutan,1991,
Bhutan,1992,
Bhutan,1993,
Bhutan,1994,
Bhutan,1995,
Bhutan,1996,
Bhutan,1997,
Bhutan,1998,
Bhutan,1999,
Bhutan,2000,
Bhutan,2001,
Bhutan,2002,
Bhutan,2003,
Bhutan,2004,
Bhutan,2005,
Bhutan,2006,
Bhutan,2007,
Bhutan,2008,
Bhutan,2009,
Bhutan,2010,
Bhutan,2011,
Bhutan,2012,0.58
Bhutan,2013,
Bhutan,2014,0.592
Bhutan,2015,
Bhutan,2016,
Bhutan,2017,
Bhutan,2018,
Bhutan,2019,
Bolivia,1989,
Bolivia,1990,
Bolivia,1991,
Bolivia,1992,
Bolivia,1993,
Bolivia,1994,
Bolivia,1995,
Bolivia,1996,
Bolivia,1997,
Bolivia,1998,0.806
Bolivia,1999,0.484
Bolivia,2000,0.752
Bolivia,2001,0.596
Bolivia,2002,
Bolivia,2003,0.882
Bolivia,2004,0.681
Bolivia,2005,0.709
Bolivia,2006,0.492
Bolivia,2007,0.35
Bolivia,2008,
Bolivia,2009,
Bolivia,2010,0.304
Bolivia,2011,0.241
Bolivia,2012,0.24
Bolivia,2013,0.195
Bolivia,2014,0.385
Bolivia,2015,0.313
Bolivia,2016,0.294
Bolivia,2017,0.294
Bolivia,2018,0.52
Bolivia,2019,
Bosnia and Herzegovina,1989,
Bosnia and Herzegovina,1990,
Bosnia and Herzegovina,1991,
Bosnia and Herzegovina,1992,
Bosnia and Herzegovina,1993,
Bosnia and Herzegovina,1994,
Bosnia and Herzegovina,1995,
Bosnia and Herzegovina,1996,
Bosnia and Herzegovina,1997,
Bosnia and Herzegovina,1998,
Bosnia and Herzegovina,1999,
Bosnia and Herzegovina,2000,
Bosnia and Herzegovina,2001,
Bosnia and Herzegovina,2002,
Bosnia and Herzegovina,2003,
Bosnia and Herzegovina,2004,
Bosnia and Herzegovina,2005,10.6
Bosnia and Herzegovina,2006,10
Bosnia and Herzegovina,2007,7.77
Bosnia and Herzegovina,2008,7.92
Bosnia and Herzegovina,2009,8.76
Bosnia and Herzegovina,2010,8.72
Bosnia and Herzegovina,2011,8.96
Bosnia and Herzegovina,2012,9.45
Bosnia and Herzegovina,2013,9.22
Bosnia and Herzegovina,2014,9.36
Bosnia and Herzegovina,2015,8.11
Bosnia and Herzegovina,2016,6.44
Bosnia and Herzegovina,2017,5.76
Bosnia and Herzegovina,2018,3.88
Bosnia and Herzegovina,2019,5.62
Botswana,1989,
Botswana,1990,
Botswana,1991,
Botswana,1992,
Botswana,1993,
Botswana,1994,
Botswana,1995,4.15
Botswana,1996,
Botswana,1997,
Botswana,1998,
Botswana,1999,
Botswana,2000,
Botswana,2001,
Botswana,2002,
Botswana,2003,
Botswana,2004,
Botswana,2005,3.99
Botswana,2006,
Botswana,2007,
Botswana,2008,
Botswana,2009,
Botswana,2010,
Botswana,2011,
Botswana,2012,
Botswana,2013,
Botswana,2014,
Botswana,2015,
Botswana,2016,
Botswana,2017,
Botswana,2018,6.09
Botswana,2019,7.12
Brunei,1989,
Brunei,1990,
Brunei,1991,
Brunei,1992,
Brunei,1993,
Brunei,1994,
Brunei,1995,
Brunei,1996,
Brunei,1997,
Brunei,1998,
Brunei,1999,
Brunei,2000,
Brunei,2001,
Brunei,2002,
Brunei,2003,
Brunei,2004,
Brunei,2005,
Brunei,2006,
Brunei,2007,
Brunei,2008,
Brunei,2009,
Brunei,2010,
Brunei,2011,
Brunei,2012,
Brunei,2013,2.09
Brunei,2014,
Brunei,2015,
Brunei,2016,2.9
Brunei,2017,3.05
Brunei,2018,2.89
Brunei,2019,
Bulgaria,1989,
Bulgaria,1990,
Bulgaria,1991,
Bulgaria,1992,
Bulgaria,1993,
Bulgaria,1994,
Bulgaria,1995,
Bulgaria,1996,
Bulgaria,1997,
Bulgaria,1998,
Bulgaria,1999,5.96
Bulgaria,2000,7.74
Bulgaria,2001,6.98
Bulgaria,2002,5.26
Bulgaria,2003,4.07
Bulgaria,2004,3.52
Bulgaria,2005,2.88
Bulgaria,2006,2.34
Bulgaria,2007,1.86
Bulgaria,2008,2.16
Bulgaria,2009,3.69
Bulgaria,2010,4.51
Bulgaria,2011,4.95
Bulgaria,2012,5.23
Bulgaria,2013,4.84
Bulgaria,2014,3.82
Bulgaria,2015,2.99
Bulgaria,2016,2.36
Bulgaria,2017,2.2
Bulgaria,2018,1.68
Bulgaria,2019,1.82
Burkina Faso,1989,
Burkina Faso,1990,
Burkina Faso,1991,
Burkina Faso,1992,
Burkina Faso,1993,
Burkina Faso,1994,
Burkina Faso,1995,
Burkina Faso,1996,
Burkina Faso,1997,
Burkina Faso,1998,
Burkina Faso,1999,
Burkina Faso,2000,
Burkina Faso,2001,
Burkina Faso,2002,
Burkina Faso,2003,
Burkina Faso,2004,
Burkina Faso,2005,
Burkina Faso,2006,
Burkina Faso,2007,
Burkina Faso,2008,
Burkina Faso,2009,
Burkina Faso,2010,
Burkina Faso,2011,
Burkina Faso,2012,
Burkina Faso,2013,
Burkina Faso,2014,
Burkina Faso,2015,
Burkina Faso,2016,
Burkina Faso,2017,0.523
Burkina Faso,2018,
Burkina Faso,2019,
Cambodia,1989,
Cambodia,1990,
Cambodia,1991,
Cambodia,1992,
Cambodia,1993,
Cambodia,1994,
Cambodia,1995,
Cambodia,1996,
Cambodia,1997,
Cambodia,1998,
Cambodia,1999,
Cambodia,2000,
Cambodia,2001,
Cambodia,2002,
Cambodia,2003,
Cambodia,2004,
Cambodia,2005,
Cambodia,2006,0.0967
Cambodia,2007,
Cambodia,2008,
Cambodia,2009,
Cambodia,2010,
Cambodia,2011,0.153
Cambodia,2012,
Cambodia,2013,
Cambodia,2014,
Cambodia,2015,
Cambodia,2016,
Cambodia,2017,
Cambodia,2018,0.0638
Cambodia,2019,
Cameroon,1989,
Cameroon,1990,
Cameroon,1991,
Cameroon,1992,
Cameroon,1993,
Cameroon,1994,
Cameroon,1995,
Cameroon,1996,
Cameroon,1997,
Cameroon,1998,
Cameroon,1999,
Cameroon,2000,
Cameroon,2001,
Cameroon,2002,
Cameroon,2003,
Cameroon,2004,
Cameroon,2005,
Cameroon,2006,
Cameroon,2007,
Cameroon,2008,
Cameroon,2009,1.06
Cameroon,2010,
Cameroon,2011,
Cameroon,2012,
Cameroon,2013,0.937
Cameroon,2014,
Cameroon,2015,
Cameroon,2016,
Cameroon,2017,
Cameroon,2018,
Cameroon,2019,
Canada,1989,0.89
Canada,1990,1.49
Canada,1991,2.03
Canada,1992,2.21
Canada,1993,1.97
Canada,1994,1.56
Canada,1995,1.53
Canada,1996,1.37
Canada,1997,1.13
Canada,1998,0.942
Canada,1999,0.75
Canada,2000,0.696
Canada,2001,0.823
Canada,2002,0.83
Canada,2003,0.744
Canada,2004,0.652
Canada,2005,0.544
Canada,2006,0.524
Canada,2007,0.545
Canada,2008,0.932
Canada,2009,1.13
Canada,2010,1.03
Canada,2011,0.875
Canada,2012,0.876
Canada,2013,0.858
Canada,2014,0.824
Canada,2015,0.9
Canada,2016,0.809
Canada,2017,0.638
Canada,2018,0.544
Canada,2019,0.826
Cape Verde,1989,
Cape Verde,1990,
Cape Verde,1991,
Cape Verde,1992,
Cape Verde,1993,
Cape Verde,1994,
Cape Verde,1995,
Cape Verde,1996,
Cape Verde,1997,
Cape Verde,1998,
Cape Verde,1999,
Cape Verde,2000,
Cape Verde,2001,
Cape Verde,2002,
Cape Verde,2003,
Cape Verde,2004,
Cape Verde,2005,
Cape Verde,2006,
Cape Verde,2007,
Cape Verde,2008,
Cape Verde,2009,
Cape Verde,2010,
Cape Verde,2011,
Cape Verde,2012,
Cape Verde,2013,
Cape Verde,2014,4.04
Cape Verde,2015,
Cape Verde,2016,2.49
Cape Verde,2017,1.78
Cape Verde,2018,1.83
Cape Verde,2019,
Chad,1989,
Chad,1990,
Chad,1991,
Chad,1992,
Chad,1993,
Chad,1994,
Chad,1995,
Chad,1996,
Chad,1997,
Chad,1998,
Chad,1999,
Chad,2000,
Chad,2001,
Chad,2002,
Chad,2003,
Chad,2004,
Chad,2005,
Chad,2006,
Chad,2007,
Chad,2008,
Chad,2009,
Chad,2010,
Chad,2011,
Chad,2012,
Chad,2013,
Chad,2014,
Chad,2015,
Chad,2016,
Chad,2017,0.214
Chad,2018,
Chad,2019,
Chile,1989,
Chile,1990,
Chile,1991,
Chile,1992,
Chile,1993,
Chile,1994,
Chile,1995,0.275
Chile,1996,
Chile,1997,
Chile,1998,
Chile,1999,1.02
Chile,2000,
Chile,2001,
Chile,2002,0.726
Chile,2003,
Chile,2004,
Chile,2005,0.466
Chile,2006,
Chile,2007,
Chile,2008,0.802
Chile,2009,0.976
Chile,2010,0.781
Chile,2011,0.628
Chile,2012,0.556
Chile,2013,0.734
Chile,2014,0.713
Chile,2015,0.898
Chile,2016,1.01
Chile,2017,0.948
Chile,2018,1.04
Chile,2019,1.89
Colombia,1989,
Colombia,1990,
Colombia,1991,
Colombia,1992,
Colombia,1993,
Colombia,1994,
Colombia,1995,
Colombia,1996,
Colombia,1997,
Colombia,1998,
Colombia,1999,
Colombia,2000,3.69
Colombia,2001,3.14
Colombia,2002,2.78
Colombia,2003,2.7
Colombia,2004,2.11
Colombia,2005,1.9
Colombia,2006,1.31
Colombia,2007,1.22
Colombia,2008,1.44
Colombia,2009,1.3
Colombia,2010,1.11
Colombia,2011,1.01
Colombia,2012,0.9
Colombia,2013,0.871
Colombia,2014,0.766
Colombia,2015,0.852
Colombia,2016,0.914
Colombia,2017,1.03
Colombia,2018,1.19
Colombia,2019,1.67
"Congo, Rep.",1989,
"Congo, Rep.",1990,
"Congo, Rep.",1991,
"Congo, Rep.",1992,
"Congo, Rep.",1993,
"Congo, Rep.",1994,
"Congo, Rep.",1995,
"Congo, Rep.",1996,
"Congo, Rep.",1997,
"Congo, Rep.",1998,
"Congo, Rep.",1999,
"Congo, Rep.",2000,
"Congo, Rep.",2001,
"Congo, Rep.",2002,
"Congo, Rep.",2003,
"Congo, Rep.",2004,
"Congo, Rep.",2005,
"Congo, Rep.",2006,
"Congo, Rep.",2007,
"Congo, Rep.",2008,2.79
"Congo, Rep.",2009,
"Congo, Rep.",2010,
"Congo, Rep.",2011,
"Congo, Rep.",2012,
"Congo, Rep.",2013,
"Congo, Rep.",2014,
"Congo, Rep.",2015,
"Congo, Rep.",2016,
"Congo, Rep.",2017,
"Congo, Rep.",2018,
"Congo, Rep.",2019,
Costa Rica,1989,
Costa Rica,1990,
Costa Rica,1991,
Costa Rica,1992,
Costa Rica,1993,
Costa Rica,1994,
Costa Rica,1995,
Costa Rica,1996,
Costa Rica,1997,
Costa Rica,1998,
Costa Rica,1999,
Costa Rica,2000,0.751
Costa Rica,2001,0.801
Costa Rica,2002,1.18
Costa Rica,2003,1.05
Costa Rica,2004,0.872
Costa Rica,2005,0.841
Costa Rica,2006,0.547
Costa Rica,2007,0.562
Costa Rica,2008,1.01
Costa Rica,2009,0.685
Costa Rica,2010,0.661
Costa Rica,2011,0.658
Costa Rica,2012,0.819
Costa Rica,2013,0.987
Costa Rica,2014,0.906
Costa Rica,2015,0.682
Costa Rica,2016,0.727
Costa Rica,2017,0.91
Costa Rica,2018,0.942
Costa Rica,2019,1.85
Cote d'Ivoire,1989,
Cote d'Ivoire,1990,
Cote d'Ivoire,1991,
Cote d'Ivoire,1992,
Cote d'Ivoire,1993,
Cote d'Ivoire,1994,
Cote d'Ivoire,1995,
Cote d'Ivoire,1996,
Cote d'Ivoire,1997,
Cote d'Ivoire,1998,
Cote d'Ivoire,1999,
Cote d'Ivoire,2000,
Cote d'Ivoire,2001,
Cote d'Ivoire,2002,
Cote d'Ivoire,2003,
Cote d'Ivoire,2004,
Cote d'Ivoire,2005,
Cote d'Ivoire,2006,
Cote d'Ivoire,2007,
Cote d'Ivoire,2008,
Cote d'Ivoire,2009,
Cote d'Ivoire,2010,
Cote d'Ivoire,2011,
Cote d'Ivoire,2012,
Cote d'Ivoire,2013,
Cote d'Ivoire,2014,
Cote d'Ivoire,2015,0.492
Cote d'Ivoire,2016,0.913
Cote d'Ivoire,2017,
Cote d'Ivoire,2018,
Cote d'Ivoire,2019,
Croatia,1989,
Croatia,1990,
Croatia,1991,
Croatia,1992,
Croatia,1993,
Croatia,1994,
Croatia,1995,
Croatia,1996,
Croatia,1997,
Croatia,1998,
Croatia,1999,
Croatia,2000,
Croatia,2001,4.33
Croatia,2002,4.31
Croatia,2003,4.02
Croatia,2004,3.75
Croatia,2005,3.23
Croatia,2006,3.11
Croatia,2007,2.56
Croatia,2008,2.72
Croatia,2009,3.96
Croatia,2010,5.3
Croatia,2011,5.95
Croatia,2012,6.77
Croatia,2013,6.09
Croatia,2014,6.03
Croatia,2015,4.12
Croatia,2016,3.1
Croatia,2017,2.07
Croatia,2018,1.69
Croatia,2019,1.82
Cuba,1989,
Cuba,1990,
Cuba,1991,
Cuba,1992,
Cuba,1993,
Cuba,1994,
Cuba,1995,
Cuba,1996,
Cuba,1997,
Cuba,1998,
Cuba,1999,
Cuba,2000,
Cuba,2001,
Cuba,2002,
Cuba,2003,
Cuba,2004,
Cuba,2005,
Cuba,2006,
Cuba,2007,
Cuba,2008,0.246
Cuba,2009,0.451
Cuba,2010,
Cuba,2011,
Cuba,2012,
Cuba,2013,
Cuba,2014,
Cuba,2015,
Cuba,2016,
Cuba,2017,
Cuba,2018,
Cuba,2019,
Cyprus,1989,
Cyprus,1990,
Cyprus,1991,
Cyprus,1992,
Cyprus,1993,
Cyprus,1994,
Cyprus,1995,
Cyprus,1996,
Cyprus,1997,
Cyprus,1998,
Cyprus,1999,0.535
Cyprus,2000,0.451
Cyprus,2001,0.396
Cyprus,2002,0.587
Cyprus,2003,0.641
Cyprus,2004,0.677
Cyprus,2005,0.565
Cyprus,2006,0.566
Cyprus,2007,0.433
Cyprus,2008,0.634
Cyprus,2009,1.15
Cyprus,2010,1.5
Cyprus,2011,2.72
Cyprus,2012,4.04
Cyprus,2013,4.5
Cyprus,2014,3.74
Cyprus,2015,3.04
Cyprus,2016,2.35
Cyprus,2017,1.5
Cyprus,2018,1.12
Cyprus,2019,1.49
Czech Republic,1989,
Czech Republic,1990,
Czech Republic,1991,
Czech Republic,1992,0.633
Czech Republic,1993,0.736
Czech Republic,1994,0.903
Czech Republic,1995,0.859
Czech Republic,1996,1.04
Czech Republic,1997,1.45
Czech Republic,1998,2.35
Czech Republic,1999,2.87
Czech Republic,2000,2.59
Czech Republic,2001,2.33
Czech Republic,2002,2.19
Czech Republic,2003,2.7
Czech Republic,2004,2.64
Czech Republic,2005,2.41
Czech Republic,2006,1.7
Czech Republic,2007,1.37
Czech Republic,2008,1.7
Czech Republic,2009,2.39
Czech Republic,2010,2.03
Czech Republic,2011,2.15
Czech Republic,2012,2.11
Czech Republic,2013,1.84
Czech Republic,2014,1.57
Czech Republic,2015,1.14
Czech Republic,2016,0.751
Czech Republic,2017,0.526
Czech Republic,2018,0.485
Czech Republic,2019,0.553
Denmark,1989,
Denmark,1990,
Denmark,1991,2.42
Denmark,1992,2.62
Denmark,1993,2.16
Denmark,1994,1.72
Denmark,1995,1.44
Denmark,1996,1.17
Denmark,1997,0.898
Denmark,1998,1
Denmark,1999,0.839
Denmark,2000,0.8
Denmark,2001,0.729
Denmark,2002,1.26
Denmark,2003,1.37
Denmark,2004,1.03
Denmark,2005,0.668
Denmark,2006,0.561
Denmark,2007,0.393
Denmark,2008,1.05
Denmark,2009,1.92
Denmark,2010,1.81
Denmark,2011,1.81
Denmark,2012,1.47
Denmark,2013,1.41
Denmark,2014,1.39
Denmark,2015,1.13
Denmark,2016,1.18
Denmark,2017,0.9
Denmark,2018,0.797
Denmark,2019,0.931
Djibouti,1989,
Djibouti,1990,
Djibouti,1991,
Djibouti,1992,
Djibouti,1993,
Djibouti,1994,
Djibouti,1995,
Djibouti,1996,
Djibouti,1997,
Djibouti,1998,
Djibouti,1999,
Djibouti,2000,
Djibouti,2001,
Djibouti,2002,
Djibouti,2003,
Djibouti,2004,
Djibouti,2005,
Djibouti,2006,
Djibouti,2007,
Djibouti,2008,
Djibouti,2009,
Djibouti,2010,
Djibouti,2011,
Djibouti,2012,
Djibouti,2013,
Djibouti,2014,
Djibouti,2015,
Djibouti,2016,3.04
Djibouti,2017,
Djibouti,2018,
Djibouti,2019,
Dominican Republic,1989,
Dominican Republic,1990,
Dominican Republic,1991,
Dominican Republic,1992,
Dominican Republic,1993,
Dominican Republic,1994,
Dominican Republic,1995,
Dominican Republic,1996,
Dominican Republic,1997,
Dominican Republic,1998,
Dominican Republic,1999,0.534
Dominican Republic,2000,0.893
Dominican Republic,2001,0.892
Dominican Republic,2002,0.936
Dominican Republic,2003,0.795
Dominican Republic,2004,0.801
Dominican Republic,2005,0.627
Dominican Republic,2006,0.581
Dominican Republic,2007,0.5
Dominican Republic,2008,0.865
Dominican Republic,2009,0.828
Dominican Republic,2010,1.04
Dominican Republic,2011,1.17
Dominican Republic,2012,1.06
Dominican Republic,2013,0.881
Dominican Republic,2014,0.583
Dominican Republic,2015,0.572
Dominican Republic,2016,0.436
Dominican Republic,2017,0.324
Dominican Republic,2018,0.341
Dominican Republic,2019,0.461
Ecuador,1989,
Ecuador,1990,
Ecuador,1991,
Ecuador,1992,
Ecuador,1993,
Ecuador,1994,
Ecuador,1995,
Ecuador,1996,
Ecuador,1997,
Ecuador,1998,
Ecuador,1999,1.26
Ecuador,2000,0.754
Ecuador,2001,
Ecuador,2002,1.04
Ecuador,2003,0.624
Ecuador,2004,0.463
Ecuador,2005,0.435
Ecuador,2006,0.32
Ecuador,2007,0.271
Ecuador,2008,0.398
Ecuador,2009,0.39
Ecuador,2010,0.295
Ecuador,2011,0.267
Ecuador,2012,0.247
Ecuador,2013,0.225
Ecuador,2014,0.294
Ecuador,2015,0.513
Ecuador,2016,0.443
Ecuador,2017,0.371
Ecuador,2018,0.417
Ecuador,2019,0.599
Egypt,1989,
Egypt,1990,
Egypt,1991,
Egypt,1992,
Egypt,1993,
Egypt,1994,
Egypt,1995,
Egypt,1996,
Egypt,1997,
Egypt,1998,
Egypt,1999,
Egypt,2000,
Egypt,2001,
Egypt,2002,
Egypt,2003,
Egypt,2004,
Egypt,2005,
Egypt,2006,
Egypt,2007,2.35
Egypt,2008,2.18
Egypt,2009,2.06
Egypt,2010,2.96
Egypt,2011,4.1
Egypt,2012,4.34
Egypt,2013,
Egypt,2014,3.99
Egypt,2015,3.6
Egypt,2016,3.23
Egypt,2017,2.22
Egypt,2018,1.32
Egypt,2019,
Estonia,1989,0.176
Estonia,1990,0.403
Estonia,1991,1.08
Estonia,1992,2.43
Estonia,1993,2.72
Estonia,1994,3.94
Estonia,1995,4.39
Estonia,1996,3.58
Estonia,1997,3.32
Estonia,1998,4.16
Estonia,1999,4.7
Estonia,2000,5.21
Estonia,2001,4.41
Estonia,2002,3.56
Estonia,2003,4.32
Estonia,2004,2.88
Estonia,2005,2.27
Estonia,2006,1.87
Estonia,2007,1.66
Estonia,2008,4.7
Estonia,2009,7.42
Estonia,2010,5.21
Estonia,2011,4.19
Estonia,2012,3.09
Estonia,2013,2.94
Estonia,2014,1.94
Estonia,2015,2.04
Estonia,2016,1.8
Estonia,2017,1.31
Estonia,2018,0.89
Estonia,2019,1.59
Eswatini,1989,
Eswatini,1990,
Eswatini,1991,
Eswatini,1992,
Eswatini,1993,
Eswatini,1994,
Eswatini,1995,
Eswatini,1996,
Eswatini,1997,
Eswatini,1998,
Eswatini,1999,
Eswatini,2000,
Eswatini,2001,
Eswatini,2002,
Eswatini,2003,
Eswatini,2004,
Eswatini,2005,
Eswatini,2006,
Eswatini,2007,
Eswatini,2008,
Eswatini,2009,
Eswatini,2010,
Eswatini,2011,
Eswatini,2012,
Eswatini,2013,
Eswatini,2014,
Eswatini,2015,2.11
Eswatini,2016,
Eswatini,2017,
Eswatini,2018,
Eswatini,2019,
Ethiopia,1989,
Ethiopia,1990,
Ethiopia,1991,
Ethiopia,1992,
Ethiopia,1993,
Ethiopia,1994,
Ethiopia,1995,
Ethiopia,1996,
Ethiopia,1997,
Ethiopia,1998,0.604
Ethiopia,1999,
Ethiopia,2000,
Ethiopia,2001,
Ethiopia,2002,
Ethiopia,2003,
Ethiopia,2004,0.436
Ethiopia,2005,
Ethiopia,2006,
Ethiopia,2007,
Ethiopia,2008,
Ethiopia,2009,
Ethiopia,2010,
Ethiopia,2011,
Ethiopia,2012,0.442
Ethiopia,2013,
Ethiopia,2014,
Ethiopia,2015,
Ethiopia,2016,
Ethiopia,2017,
Ethiopia,2018,
Ethiopia,2019,
Fiji,1989,
Fiji,1990,
Fiji,1991,
Fiji,1992,
Fiji,1993,
Fiji,1994,
Fiji,1995,
Fiji,1996,
Fiji,1997,
Fiji,1998,
Fiji,1999,
Fiji,2000,
Fiji,2001,
Fiji,2002,
Fiji,2003,
Fiji,2004,1
Fiji,2005,
Fiji,2006,
Fiji,2007,
Fiji,2008,
Fiji,2009,
Fiji,2010,1.34
Fiji,2011,
Fiji,2012,
Fiji,2013,
Fiji,2014,
Fiji,2015,1.25
Fiji,2016,
Fiji,2017,
Fiji,2018,
Fiji,2019,
Finland,1989,
Finland,1990,2.17
Finland,1991,
Finland,1992,6.04
Finland,1993,
Finland,1994,4.45
Finland,1995,4.15
Finland,1996,3.67
Finland,1997,3.1
Finland,1998,2.34
Finland,1999,2.45
Finland,2000,2.27
Finland,2001,2.4
Finland,2002,2.52
Finland,2003,2.11
Finland,2004,1.91
Finland,2005,1.62
Finland,2006,1.4
Finland,2007,1.05
Finland,2008,1.57
Finland,2009,2.08
Finland,2010,1.71
Finland,2011,1.69
Finland,2012,1.77
Finland,2013,1.88
Finland,2014,2.09
Finland,2015,1.93
Finland,2016,1.83
Finland,2017,1.43
Finland,2018,1.19
Finland,2019,1.28
France,1989,
France,1990,
France,1991,1.95
France,1992,2.35
France,1993,2.99
France,1994,2.68
France,1995,2.81
France,1996,3.03
France,1997,2.84
France,1998,2.54
France,1999,2.23
France,2000,1.8
France,2001,1.81
France,2002,1.91
France,2003,2.19
France,2004,2.12
France,2005,2.21
France,2006,1.94
France,2007,1.75
France,2008,2.26
France,2009,2.51
France,2010,2.38
France,2011,2.64
France,2012,2.82
France,2013,3.19
France,2014,3.26
France,2015,3.11
France,2016,2.85
France,2017,2.56
France,2018,2.31
France,2019,2.12
Gambia,1989,
Gambia,1990,
Gambia,1991,
Gambia,1992,
Gambia,1993,
Gambia,1994,
Gambia,1995,
Gambia,1996,
Gambia,1997,
Gambia,1998,
Gambia,1999,
Gambia,2000,
Gambia,2001,
Gambia,2002,
Gambia,2003,
Gambia,2004,
Gambia,2005,
Gambia,2006,
Gambia,2007,
Gambia,2008,
Gambia,2009,
Gambia,2010,
Gambia,2011,1.69
Gambia,2012,
Gambia,2013,
Gambia,2014,
Gambia,2015,
Gambia,2016,
Gambia,2017,1.41
Gambia,2018,
Gambia,2019,
Georgia,1989,
Georgia,1990,
Georgia,1991,
Georgia,1992,
Georgia,1993,
Georgia,1994,
Georgia,1995,
Georgia,1996,
Georgia,1997,
Georgia,1998,
Georgia,1999,
Georgia,2000,
Georgia,2001,
Georgia,2002,
Georgia,2003,
Georgia,2004,
Georgia,2005,
Georgia,2006,
Georgia,2007,
Georgia,2008,
Georgia,2009,
Georgia,2010,
Georgia,2011,
Georgia,2012,
Georgia,2013,
Georgia,2014,
Georgia,2015,
Georgia,2016,4.59
Georgia,2017,4.3
Georgia,2018,3.89
Georgia,2019,4.38
Germany,1989,
Germany,1990,
Germany,1991,1.58
Germany,1992,2.08
Germany,1993,2.59
Germany,1994,2.51
Germany,1995,2.83
Germany,1996,3.38
Germany,1997,3.39
Germany,1998,3.09
Germany,1999,2.75
Germany,2000,2.72
Germany,2001,3
Germany,2002,3.73
Germany,2003,4.02
Germany,2004,4.4
Germany,2005,4.08
Germany,2006,3.36
Germany,2007,2.8
Germany,2008,2.79
Germany,2009,2.6
Germany,2010,2.12
Germany,2011,1.89
Germany,2012,1.87
Germany,2013,1.8
Germany,2014,1.69
Germany,2015,1.45
Germany,2016,1.38
Germany,2017,1.23
Germany,2018,1.08
Germany,2019,1.17
Ghana,1989,
Ghana,1990,0.924
Ghana,1991,
Ghana,1992,
Ghana,1993,
Ghana,1994,
Ghana,1995,
Ghana,1996,
Ghana,1997,
Ghana,1998,
Ghana,1999,
Ghana,2000,
Ghana,2001,
Ghana,2002,
Ghana,2003,
Ghana,2004,
Ghana,2005,1.18
Ghana,2006,
Ghana,2007,
Ghana,2008,
Ghana,2009,
Ghana,2010,
Ghana,2011,
Ghana,2012,0.52
Ghana,2013,
Ghana,2014,1.4
Ghana,2015,
Ghana,2016,0.977
Ghana,2017,
Ghana,2018,
Ghana,2019,
Greece,1989,
Greece,1990,
Greece,1991,1.45
Greece,1992,1.77
Greece,1993,1.95
Greece,1994,1.94
Greece,1995,1.95
Greece,1996,2.06
Greece,1997,2.47
Greece,1998,2.67
Greece,1999,2.53
Greece,2000,2.19
Greece,2001,2.25
Greece,2002,2.19
Greece,2003,2.24
Greece,2004,2.01
Greece,2005,2.04
Greece,2006,1.65
Greece,2007,1.59
Greece,2008,2
Greece,2009,3.13
Greece,2010,5.07
Greece,2011,8.18
Greece,2012,10.2
Greece,2013,10.1
Greece,2014,9.28
Greece,2015,8.32
Greece,2016,7.5
Greece,2017,6.26
Greece,2018,5.89
Greece,2019,5.47
Guatemala,1989,
Guatemala,1990,
Guatemala,1991,
Guatemala,1992,
Guatemala,1993,
Guatemala,1994,
Guatemala,1995,
Guatemala,1996,
Guatemala,1997,
Guatemala,1998,
Guatemala,1999,
Guatemala,2000,
Guatemala,2001,
Guatemala,2002,
Guatemala,2003,0.113
Guatemala,2004,
Guatemala,2005,0.0481
Guatemala,2006,
Guatemala,2007,
Guatemala,2008,
Guatemala,2009,0.302
Guatemala,2010,0.236
Guatemala,2011,0.219
Guatemala,2012,0.301
Guatemala,2013,0.313
Guatemala,2014,0.23
Guatemala,2015,0.339
Guatemala,2016,0.269
Guatemala,2017,0.363
Guatemala,2018,0.43
Guatemala,2019,
Guyana,1989,
Guyana,1990,
Guyana,1991,
Guyana,1992,
Guyana,1993,
Guyana,1994,
Guyana,1995,
Guyana,1996,
Guyana,1997,
Guyana,1998,
Guyana,1999,
Guyana,2000,
Guyana,2001,
Guyana,2002,
Guyana,2003,
Guyana,2004,
Guyana,2005,
Guyana,2006,
Guyana,2007,
Guyana,2008,
Guyana,2009,
Guyana,2010,
Guyana,2011,
Guyana,2012,
Guyana,2013,
Guyana,2014,
Guyana,2015,
Guyana,2016,
Guyana,2017,2.13
Guyana,2018,
Guyana,2019,
Honduras,1989,
Honduras,1990,
Honduras,1991,
Honduras,1992,
Honduras,1993,
Honduras,1994,
Honduras,1995,
Honduras,1996,
Honduras,1997,
Honduras,1998,
Honduras,1999,
Honduras,2000,
Honduras,2001,
Honduras,2002,
Honduras,2003,
Honduras,2004,0.248
Honduras,2005,0.238
Honduras,2006,0.146
Honduras,2007,0.211
Honduras,2008,0.161
Honduras,2009,0.25
Honduras,2010,0.525
Honduras,2011,0.314
Honduras,2012,0.132
Honduras,2013,1.03
Honduras,2014,0.465
Honduras,2015,0.536
Honduras,2016,0.245
Honduras,2017,
Honduras,2018,
Honduras,2019,
"Hong Kong, China",1989,
"Hong Kong, China",1990,
"Hong Kong, China",1991,
"Hong Kong, China",1992,
"Hong Kong, China",1993,
"Hong Kong, China",1994,
"Hong Kong, China",1995,
"Hong Kong, China",1996,
"Hong Kong, China",1997,
"Hong Kong, China",1998,
"Hong Kong, China",1999,
"Hong Kong, China",2000,
"Hong Kong, China",2001,
"Hong Kong, China",2002,
"Hong Kong, China",2003,
"Hong Kong, China",2004,
"Hong Kong, China",2005,
"Hong Kong, China",2006,
"Hong Kong, China",2007,
"Hong Kong, China",2008,1.04
"Hong Kong, China",2009,0.924
"Hong Kong, China",2010,0.587
"Hong Kong, China",2011,0.617
"Hong Kong, China",2012,0.55
"Hong Kong, China",2013,0.436
"Hong Kong, China",2014,0.428
"Hong Kong, China",2015,0.461
"Hong Kong, China",2016,0.417
"Hong Kong, China",2017,0.441
"Hong Kong, China",2018,0.464
"Hong Kong, China",2019,1.18
Hungary,1989,
Hungary,1990,
Hungary,1991,2.53
Hungary,1992,3.73
Hungary,1993,3.6
Hungary,1994,3.83
Hungary,1995,3.77
Hungary,1996,3.13
Hungary,1997,3.11
Hungary,1998,2.46
Hungary,1999,2.39
Hungary,2000,2.02
Hungary,2001,1.97
Hungary,2002,1.9
Hungary,2003,1.88
Hungary,2004,2.25
Hungary,2005,2.32
Hungary,2006,2.34
Hungary,2007,2.5
Hungary,2008,3.17
Hungary,2009,4
Hungary,2010,3.62
Hungary,2011,3.79
Hungary,2012,3.49
Hungary,2013,2.64
Hungary,2014,2.32
Hungary,2015,1.8
Hungary,2016,1.29
Hungary,2017,1.13
Hungary,2018,1.01
Hungary,2019,1.09
Iceland,1989,
Iceland,1990,0.058
Iceland,1991,0.249
Iceland,1992,0.621
Iceland,1993,0.818
Iceland,1994,0.869
Iceland,1995,0.683
Iceland,1996,0.536
Iceland,1997,0.41
Iceland,1998,
Iceland,1999,
Iceland,2000,
Iceland,2001,0.364
Iceland,2002,
Iceland,2003,
Iceland,2004,
Iceland,2005,0.322
Iceland,2006,0.219
Iceland,2007,0.16
Iceland,2008,1.15
Iceland,2009,1.99
Iceland,2010,1.69
Iceland,2011,1.33
Iceland,2012,1.04
Iceland,2013,0.85
Iceland,2014,0.494
Iceland,2015,
Iceland,2016,0.355
Iceland,2017,
Iceland,2018,
Iceland,2019,1.08
Indonesia,1989,0.681
Indonesia,1990,0.646
Indonesia,1991,0.646
Indonesia,1992,0.687
Indonesia,1993,1.05
Indonesia,1994,
Indonesia,1995,1.17
Indonesia,1996,1.17
Indonesia,1997,1.34
Indonesia,1998,1.78
Indonesia,1999,1.58
Indonesia,2000,1.35
Indonesia,2001,1.46
Indonesia,2002,1.4
Indonesia,2003,1.52
Indonesia,2004,2.16
Indonesia,2005,1.95
Indonesia,2006,2.05
Indonesia,2007,2.55
Indonesia,2008,2.06
Indonesia,2009,1.86
Indonesia,2010,1.61
Indonesia,2011,1.37
Indonesia,2012,1.36
Indonesia,2013,1.29
Indonesia,2014,1.56
Indonesia,2015,0.948
Indonesia,2016,0.785
Indonesia,2017,0.885
Indonesia,2018,0.755
Indonesia,2019,0.976
Iran,1989,
Iran,1990,
Iran,1991,
Iran,1992,
Iran,1993,
Iran,1994,
Iran,1995,
Iran,1996,
Iran,1997,
Iran,1998,
Iran,1999,
Iran,2000,
Iran,2001,
Iran,2002,
Iran,2003,
Iran,2004,
Iran,2005,
Iran,2006,
Iran,2007,
Iran,2008,3.09
Iran,2009,3.38
Iran,2010,
Iran,2011,
Iran,2012,
Iran,2013,2.51
Iran,2014,2.6
Iran,2015,3
Iran,2016,3.3
Iran,2017,3.32
Iran,2018,
Iran,2019,
Ireland,1989,
Ireland,1990,
Ireland,1991,5.81
Ireland,1992,5.95
Ireland,1993,5.87
Ireland,1994,4.75
Ireland,1995,4.65
Ireland,1996,4.03
Ireland,1997,3.16
Ireland,1998,2.21
Ireland,1999,1.6
Ireland,2000,1.21
Ireland,2001,1.45
Ireland,2002,1.63
Ireland,2003,1.67
Ireland,2004,1.51
Ireland,2005,1.5
Ireland,2006,1.59
Ireland,2007,2.22
Ireland,2008,4.85
Ireland,2009,6.83
Ireland,2010,7.39
Ireland,2011,7.4
Ireland,2012,6.12
Ireland,2013,5.08
Ireland,2014,4.24
Ireland,2015,3.41
Ireland,2016,2.41
Ireland,2017,1.68
Ireland,2018,1.39
Ireland,2019,1.36
Israel,1989,
Israel,1990,
Israel,1991,
Israel,1992,
Israel,1993,
Israel,1994,0.591
Israel,1995,0.549
Israel,1996,0.675
Israel,1997,0.926
Israel,1998,1.08
Israel,1999,1.16
Israel,2000,1.04
Israel,2001,1.51
Israel,2002,1.72
Israel,2003,1.87
Israel,2004,1.57
Israel,2005,1.55
Israel,2006,1.19
Israel,2007,0.885
Israel,2008,1.23
Israel,2009,1.18
Israel,2010,0.846
Israel,2011,0.882
Israel,2012,0.766
Israel,2013,0.645
Israel,2014,0.594
Israel,2015,0.529
Israel,2016,0.412
Israel,2017,0.323
Israel,2018,0.291
Israel,2019,0.387
Italy,1989,
Italy,1990,
Italy,1991,2.25
Italy,1992,2.71
Italy,1993,3.22
Italy,1994,3.38
Italy,1995,3.49
Italy,1996,3.64
Italy,1997,3.73
Italy,1998,3.5
Italy,1999,3.33
Italy,2000,2.93
Italy,2001,2.71
Italy,2002,2.62
Italy,2003,2
Italy,2004,1.91
Italy,2005,1.68
Italy,2006,1.45
Italy,2007,1.62
Italy,2008,2.03
Italy,2009,2.4
Italy,2010,2.5
Italy,2011,3.34
Italy,2012,4.09
Italy,2013,4.29
Italy,2014,4.05
Italy,2015,3.82
Italy,2016,3.7
Italy,2017,3.46
Italy,2018,3.16
Italy,2019,2.76
Japan,1989,0.652
Japan,1990,0.585
Japan,1991,0.535
Japan,1992,0.565
Japan,1993,0.725
Japan,1994,0.836
Japan,1995,0.963
Japan,1996,1.04
Japan,1997,1.1
Japan,1998,1.47
Japan,1999,1.68
Japan,2000,1.61
Japan,2001,1.8
Japan,2002,1.93
Japan,2003,1.73
Japan,2004,1.57
Japan,2005,1.48
Japan,2006,1.32
Japan,2007,1.37
Japan,2008,1.67
Japan,2009,1.99
Japan,2010,1.72
Japan,2011,1.67
Japan,2012,1.59
Japan,2013,1.37
Japan,2014,1.26
Japan,2015,1.2
Japan,2016,1.03
Japan,2017,0.837
Japan,2018,0.839
Japan,2019,0.907
Jordan,1989,
Jordan,1990,
Jordan,1991,
Jordan,1992,
Jordan,1993,
Jordan,1994,
Jordan,1995,
Jordan,1996,
Jordan,1997,
Jordan,1998,
Jordan,1999,
Jordan,2000,
Jordan,2001,
Jordan,2002,
Jordan,2003,
Jordan,2004,
Jordan,2005,
Jordan,2006,
Jordan,2007,
Jordan,2008,
Jordan,2009,
Jordan,2010,
Jordan,2011,
Jordan,2012,
Jordan,2013,
Jordan,2014,
Jordan,2015,
Jordan,2016,4.19
Jordan,2017,5.11
Jordan,2018,4.4
Jordan,2019,
Kazakhstan,1989,
Kazakhstan,1990,
Kazakhstan,1991,
Kazakhstan,1992,
Kazakhstan,1993,
Kazakhstan,1994,
Kazakhstan,1995,
Kazakhstan,1996,
Kazakhstan,1997,
Kazakhstan,1998,
Kazakhstan,1999,
Kazakhstan,2000,
Kazakhstan,2001,
Kazakhstan,2002,
Kazakhstan,2003,
Kazakhstan,2004,
Kazakhstan,2005,
Kazakhstan,2006,
Kazakhstan,2007,
Kazakhstan,2008,1.11
Kazakhstan,2009,0.918
Kazakhstan,2010,0.687
Kazakhstan,2011,0.838
Kazakhstan,2012,0.812
Kazakhstan,2013,
Kazakhstan,2014,
Kazakhstan,2015,
Kazakhstan,2016,0.656
Kazakhstan,2017,
Kazakhstan,2018,
Kazakhstan,2019,0.577
Kenya,1989,
Kenya,1990,
Kenya,1991,
Kenya,1992,
Kenya,1993,
Kenya,1994,
Kenya,1995,
Kenya,1996,
Kenya,1997,
Kenya,1998,
Kenya,1999,
Kenya,2000,
Kenya,2001,
Kenya,2002,
Kenya,2003,
Kenya,2004,
Kenya,2005,
Kenya,2006,
Kenya,2007,
Kenya,2008,
Kenya,2009,
Kenya,2010,
Kenya,2011,
Kenya,2012,
Kenya,2013,
Kenya,2014,
Kenya,2015,
Kenya,2016,
Kenya,2017,
Kenya,2018,1.19
Kenya,2019,
Kyrgyz Republic,1989,
Kyrgyz Republic,1990,
Kyrgyz Republic,1991,
Kyrgyz Republic,1992,
Kyrgyz Republic,1993,
Kyrgyz Republic,1994,
Kyrgyz Republic,1995,
Kyrgyz Republic,1996,
Kyrgyz Republic,1997,
Kyrgyz Republic,1998,
Kyrgyz Republic,1999,
Kyrgyz Republic,2000,
Kyrgyz Republic,2001,
Kyrgyz Republic,2002,
Kyrgyz Republic,2003,
Kyrgyz Republic,2004,
Kyrgyz Republic,2005,
Kyrgyz Republic,2006,
Kyrgyz Republic,2007,
Kyrgyz Republic,2008,1.18
Kyrgyz Republic,2009,1.16
Kyrgyz Republic,2010,1.05
Kyrgyz Republic,2011,1.11
Kyrgyz Republic,2012,1.86
Kyrgyz Republic,2013,1.84
Kyrgyz Republic,2014,1.57
Kyrgyz Republic,2015,1.67
Kyrgyz Republic,2016,
Kyrgyz Republic,2017,1.24
Kyrgyz Republic,2018,
Kyrgyz Republic,2019,
Lao,1989,
Lao,1990,
Lao,1991,
Lao,1992,
Lao,1993,
Lao,1994,
Lao,1995,
Lao,1996,
Lao,1997,
Lao,1998,
Lao,1999,
Lao,2000,
Lao,2001,
Lao,2002,
Lao,2003,
Lao,2004,
Lao,2005,
Lao,2006,
Lao,2007,
Lao,2008,
Lao,2009,
Lao,2010,
Lao,2011,
Lao,2012,
Lao,2013,
Lao,2014,
Lao,2015,
Lao,2016,1.17
Lao,2017,
Lao,2018,
Lao,2019,
Latvia,1989,
Latvia,1990,
Latvia,1991,
Latvia,1992,
Latvia,1993,
Latvia,1994,
Latvia,1995,
Latvia,1996,
Latvia,1997,6.1
Latvia,1998,5.49
Latvia,1999,6
Latvia,2000,5.97
Latvia,2001,4.63
Latvia,2002,4.27
Latvia,2003,3.74
Latvia,2004,3.5
Latvia,2005,2.2
Latvia,2006,1.64
Latvia,2007,1.96
Latvia,2008,6.35
Latvia,2009,8.63
Latvia,2010,7.51
Latvia,2011,5.91
Latvia,2012,4.63
Latvia,2013,4.04
Latvia,2014,3.95
Latvia,2015,3.85
Latvia,2016,3.03
Latvia,2017,2.93
Latvia,2018,2.29
Latvia,2019,2.44
Lebanon,1989,
Lebanon,1990,
Lebanon,1991,
Lebanon,1992,
Lebanon,1993,
Lebanon,1994,
Lebanon,1995,
Lebanon,1996,
Lebanon,1997,
Lebanon,1998,
Lebanon,1999,
Lebanon,2000,
Lebanon,2001,
Lebanon,2002,
Lebanon,2003,
Lebanon,2004,
Lebanon,2005,
Lebanon,2006,
Lebanon,2007,
Lebanon,2008,
Lebanon,2009,
Lebanon,2010,
Lebanon,2011,
Lebanon,2012,
Lebanon,2013,
Lebanon,2014,
Lebanon,2015,
Lebanon,2016,
Lebanon,2017,
Lebanon,2018,2.27
Lebanon,2019,
Lesotho,1989,
Lesotho,1990,
Lesotho,1991,
Lesotho,1992,
Lesotho,1993,
Lesotho,1994,
Lesotho,1995,
Lesotho,1996,
Lesotho,1997,
Lesotho,1998,
Lesotho,1999,
Lesotho,2000,
Lesotho,2001,
Lesotho,2002,
Lesotho,2003,
Lesotho,2004,
Lesotho,2005,
Lesotho,2006,
Lesotho,2007,
Lesotho,2008,
Lesotho,2009,
Lesotho,2010,
Lesotho,2011,
Lesotho,2012,
Lesotho,2013,
Lesotho,2014,
Lesotho,2015,
Lesotho,2016,
Lesotho,2017,
Lesotho,2018,4.98
Lesotho,2019,
Liberia,1989,
Liberia,1990,
Liberia,1991,
Liberia,1992,
Liberia,1993,
Liberia,1994,
Liberia,1995,
Liberia,1996,
Liberia,1997,
Liberia,1998,
Liberia,1999,
Liberia,2000,
Liberia,2001,
Liberia,2002,
Liberia,2003,
Liberia,2004,
Liberia,2005,
Liberia,2006,
Liberia,2007,
Liberia,2008,
Liberia,2009,0.468
Liberia,2010,
Liberia,2011,
Liberia,2012,
Liberia,2013,
Liberia,2014,
Liberia,2015,
Liberia,2016,
Liberia,2017,
Liberia,2018,
Liberia,2019,
Lithuania,1989,
Lithuania,1990,
Lithuania,1991,
Lithuania,1992,
Lithuania,1993,
Lithuania,1994,
Lithuania,1995,
Lithuania,1996,
Lithuania,1997,6.42
Lithuania,1998,4.68
Lithuania,1999,6.67
Lithuania,2000,7.31
Lithuania,2001,5.23
Lithuania,2002,4.43
Lithuania,2003,3.9
Lithuania,2004,2.86
Lithuania,2005,1.83
Lithuania,2006,1.05
Lithuania,2007,1.07
Lithuania,2008,4.2
Lithuania,2009,7.45
Lithuania,2010,6.71
Lithuania,2011,5.41
Lithuania,2012,4.3
Lithuania,2013,4.1
Lithuania,2014,3.34
Lithuania,2015,2.82
Lithuania,2016,2.51
Lithuania,2017,2.1
Lithuania,2018,1.87
Lithuania,2019,2.57
Luxembourg,1989,
Luxembourg,1990,
Luxembourg,1991,0.374
Luxembourg,1992,
Luxembourg,1993,0.952
Luxembourg,1994,0.531
Luxembourg,1995,0.644
Luxembourg,1996,0.634
Luxembourg,1997,
Luxembourg,1998,
Luxembourg,1999,0.379
Luxembourg,2000,0.434
Luxembourg,2001,0.4
Luxembourg,2002,0.766
Luxembourg,2003,0.855
Luxembourg,2004,0.964
Luxembourg,2005,0.953
Luxembourg,2006,0.988
Luxembourg,2007,0.989
Luxembourg,2008,1.04
Luxembourg,2009,0.866
Luxembourg,2010,1.16
Luxembourg,2011,1.25
Luxembourg,2012,1.38
Luxembourg,2013,1.47
Luxembourg,2014,1.61
Luxembourg,2015,1.8
Luxembourg,2016,1.51
Luxembourg,2017,1.12
Luxembourg,2018,1.31
Luxembourg,2019,1.7
"Macao, China",1989,
"Macao, China",1990,
"Macao, China",1991,
"Macao, China",1992,
"Macao, China",1993,
"Macao, China",1994,
"Macao, China",1995,
"Macao, China",1996,
"Macao, China",1997,
"Macao, China",1998,
"Macao, China",1999,
"Macao, China",2000,
"Macao, China",2001,
"Macao, China",2002,
"Macao, China",2003,
"Macao, China",2004,
"Macao, China",2005,
"Macao, China",2006,
"Macao, China",2007,
"Macao, China",2008,0.436
"Macao, China",2009,0.348
"Macao, China",2010,0.378
"Macao, China",2011,0.222
"Macao, China",2012,0.18
"Macao, China",2013,
"Macao, China",2014,0.242
"Macao, China",2015,0.306
"Macao, China",2016,
"Macao, China",2017,
"Macao, China",2018,
"Macao, China",2019,
Malawi,1989,
Malawi,1990,
Malawi,1991,
Malawi,1992,
Malawi,1993,
Malawi,1994,
Malawi,1995,
Malawi,1996,
Malawi,1997,
Malawi,1998,
Malawi,1999,
Malawi,2000,
Malawi,2001,
Malawi,2002,
Malawi,2003,
Malawi,2004,
Malawi,2005,
Malawi,2006,
Malawi,2007,
Malawi,2008,
Malawi,2009,
Malawi,2010,
Malawi,2011,
Malawi,2012,1.06
Malawi,2013,
Malawi,2014,
Malawi,2015,
Malawi,2016,
Malawi,2017,
Malawi,2018,
Malawi,2019,
Malaysia,1989,
Malaysia,1990,
Malaysia,1991,
Malaysia,1992,
Malaysia,1993,
Malaysia,1994,
Malaysia,1995,
Malaysia,1996,
Malaysia,1997,
Malaysia,1998,
Malaysia,1999,
Malaysia,2000,
Malaysia,2001,
Malaysia,2002,
Malaysia,2003,
Malaysia,2004,
Malaysia,2005,
Malaysia,2006,
Malaysia,2007,
Malaysia,2008,0.256
Malaysia,2009,0.206
Malaysia,2010,0.188
Malaysia,2011,0.211
Malaysia,2012,0.174
Malaysia,2013,0.175
Malaysia,2014,0.194
Malaysia,2015,0.244
Malaysia,2016,
Malaysia,2017,
Malaysia,2018,0.281
Malaysia,2019,0.406
Maldives,1989,
Maldives,1990,
Maldives,1991,
Maldives,1992,
Maldives,1993,
Maldives,1994,
Maldives,1995,
Maldives,1996,
Maldives,1997,
Maldives,1998,
Maldives,1999,
Maldives,2000,
Maldives,2001,
Maldives,2002,
Maldives,2003,
Maldives,2004,
Maldives,2005,
Maldives,2006,
Maldives,2007,
Maldives,2008,
Maldives,2009,
Maldives,2010,
Maldives,2011,
Maldives,2012,
Maldives,2013,
Maldives,2014,
Maldives,2015,0.771
Maldives,2016,
Maldives,2017,
Maldives,2018,0.604
Maldives,2019,
Mali,1989,
Mali,1990,
Mali,1991,
Mali,1992,
Mali,1993,
Mali,1994,
Mali,1995,
Mali,1996,
Mali,1997,
Mali,1998,
Mali,1999,
Mali,2000,
Mali,2001,
Mali,2002,
Mali,2003,
Mali,2004,
Mali,2005,
Mali,2006,
Mali,2007,
Mali,2008,
Mali,2009,
Mali,2010,
Mali,2011,
Mali,2012,
Mali,2013,
Mali,2014,
Mali,2015,
Mali,2016,
Mali,2017,0.534
Mali,2018,
Mali,2019,
Malta,1989,
Malta,1990,
Malta,1991,
Malta,1992,
Malta,1993,
Malta,1994,
Malta,1995,
Malta,1996,
Malta,1997,
Malta,1998,
Malta,1999,2.55
Malta,2000,2.05
Malta,2001,2.2
Malta,2002,2.07
Malta,2003,
Malta,2004,2.39
Malta,2005,2.13
Malta,2006,2.02
Malta,2007,1.98
Malta,2008,2.32
Malta,2009,2.72
Malta,2010,2.6
Malta,2011,2.4
Malta,2012,2.48
Malta,2013,2.44
Malta,2014,2.13
Malta,2015,1.69
Malta,2016,1.5
Malta,2017,1.6
Malta,2018,1.14
Malta,2019,1.54
Mauritius,1989,
Mauritius,1990,
Mauritius,1991,
Mauritius,1992,
Mauritius,1993,
Mauritius,1994,
Mauritius,1995,
Mauritius,1996,
Mauritius,1997,
Mauritius,1998,
Mauritius,1999,
Mauritius,2000,2.57
Mauritius,2001,1.98
Mauritius,2002,1.22
Mauritius,2003,1.65
Mauritius,2004,1.59
Mauritius,2005,1.26
Mauritius,2006,1.24
Mauritius,2007,0.819
Mauritius,2008,0.857
Mauritius,2009,0.993
Mauritius,2010,1.17
Mauritius,2011,0.923
Mauritius,2012,1.1
Mauritius,2013,1.12
Mauritius,2014,0.984
Mauritius,2015,0.867
Mauritius,2016,0.946
Mauritius,2017,0.835
Mauritius,2018,0.664
Mauritius,2019,
Mexico,1989,
Mexico,1990,
Mexico,1991,
Mexico,1992,
Mexico,1993,
Mexico,1994,0.186
Mexico,1995,0.186
Mexico,1996,0.0945
Mexico,1997,0.0463
Mexico,1998,0.0477
Mexico,1999,0.0366
Mexico,2000,0.0361
Mexico,2001,0.0554
Mexico,2002,0.0555
Mexico,2003,0.0769
Mexico,2004,0.115
Mexico,2005,0.0894
Mexico,2006,0.0846
Mexico,2007,0.091
Mexico,2008,0.178
Mexico,2009,0.193
Mexico,2010,0.169
Mexico,2011,0.151
Mexico,2012,0.144
Mexico,2013,0.156
Mexico,2014,0.119
Mexico,2015,0.119
Mexico,2016,0.0936
Mexico,2017,0.0861
Mexico,2018,0.0782
Mexico,2019,0.17
Moldova,1989,
Moldova,1990,
Moldova,1991,
Moldova,1992,
Moldova,1993,
Moldova,1994,
Moldova,1995,
Moldova,1996,
Moldova,1997,
Moldova,1998,
Moldova,1999,
Moldova,2000,
Moldova,2001,
Moldova,2002,
Moldova,2003,
Moldova,2004,
Moldova,2005,
Moldova,2006,
Moldova,2007,
Moldova,2008,1.14
Moldova,2009,1.09
Moldova,2010,0.964
Moldova,2011,0.693
Moldova,2012,0.572
Moldova,2013,0.347
Moldova,2014,0.492
Moldova,2015,0.463
Moldova,2016,0.507
Moldova,2017,0.305
Moldova,2018,0.365
Moldova,2019,0.251
Mongolia,1989,
Mongolia,1990,
Mongolia,1991,
Mongolia,1992,
Mongolia,1993,
Mongolia,1994,
Mongolia,1995,
Mongolia,1996,
Mongolia,1997,
Mongolia,1998,
Mongolia,1999,
Mongolia,2000,
Mongolia,2001,
Mongolia,2002,
Mongolia,2003,
Mongolia,2004,
Mongolia,2005,
Mongolia,2006,
Mongolia,2007,1.87
Mongolia,2008,1.79
Mongolia,2009,2.58
Mongolia,2010,1.7
Mongolia,2011,1.31
Mongolia,2012,1.38
Mongolia,2013,1.75
Mongolia,2014,1.74
Mongolia,2015,3.01
Mongolia,2016,2.6
Mongolia,2017,1.89
Mongolia,2018,2.45
Mongolia,2019,1.31
Montenegro,1989,
Montenegro,1990,
Montenegro,1991,
Montenegro,1992,
Montenegro,1993,
Montenegro,1994,
Montenegro,1995,
Montenegro,1996,
Montenegro,1997,
Montenegro,1998,
Montenegro,1999,
Montenegro,2000,
Montenegro,2001,
Montenegro,2002,
Montenegro,2003,
Montenegro,2004,
Montenegro,2005,
Montenegro,2006,
Montenegro,2007,
Montenegro,2008,
Montenegro,2009,
Montenegro,2010,7.52
Montenegro,2011,7.7
Montenegro,2012,8.1
Montenegro,2013,7.28
Montenegro,2014,7.12
Montenegro,2015,7.55
Montenegro,2016,6.4
Montenegro,2017,6.58
Montenegro,2018,6.71
Montenegro,2019,7.1
Morocco,1989,
Morocco,1990,
Morocco,1991,
Morocco,1992,
Morocco,1993,
Morocco,1994,
Morocco,1995,
Morocco,1996,
Morocco,1997,
Morocco,1998,
Morocco,1999,
Morocco,2000,
Morocco,2001,
Morocco,2002,
Morocco,2003,
Morocco,2004,
Morocco,2005,
Morocco,2006,
Morocco,2007,
Morocco,2008,
Morocco,2009,
Morocco,2010,3.03
Morocco,2011,3.1
Morocco,2012,
Morocco,2013,
Morocco,2014,
Morocco,2015,
Morocco,2016,
Morocco,2017,
Morocco,2018,
Morocco,2019,
Mozambique,1989,
Mozambique,1990,
Mozambique,1991,
Mozambique,1992,
Mozambique,1993,
Mozambique,1994,
Mozambique,1995,
Mozambique,1996,
Mozambique,1997,
Mozambique,1998,
Mozambique,1999,
Mozambique,2000,
Mozambique,2001,
Mozambique,2002,
Mozambique,2003,
Mozambique,2004,
Mozambique,2005,
Mozambique,2006,
Mozambique,2007,
Mozambique,2008,
Mozambique,2009,
Mozambique,2010,
Mozambique,2011,
Mozambique,2012,
Mozambique,2013,
Mozambique,2014,0.511
Mozambique,2015,
Mozambique,2016,
Mozambique,2017,
Mozambique,2018,
Mozambique,2019,
Myanmar,1989,
Myanmar,1990,
Myanmar,1991,
Myanmar,1992,
Myanmar,1993,
Myanmar,1994,
Myanmar,1995,
Myanmar,1996,
Myanmar,1997,
Myanmar,1998,
Myanmar,1999,
Myanmar,2000,
Myanmar,2001,
Myanmar,2002,
Myanmar,2003,
Myanmar,2004,
Myanmar,2005,
Myanmar,2006,
Myanmar,2007,
Myanmar,2008,
Myanmar,2009,
Myanmar,2010,
Myanmar,2011,
Myanmar,2012,
Myanmar,2013,
Myanmar,2014,0.0931
Myanmar,2015,
Myanmar,2016,0.231
Myanmar,2017,0.16
Myanmar,2018,0.0554
Myanmar,2019,
Namibia,1989,
Namibia,1990,
Namibia,1991,
Namibia,1992,
Namibia,1993,
Namibia,1994,
Namibia,1995,
Namibia,1996,
Namibia,1997,
Namibia,1998,
Namibia,1999,
Namibia,2000,
Namibia,2001,
Namibia,2002,
Namibia,2003,
Namibia,2004,
Namibia,2005,
Namibia,2006,
Namibia,2007,
Namibia,2008,
Namibia,2009,
Namibia,2010,
Namibia,2011,4.15
Namibia,2012,5.62
Namibia,2013,5.38
Namibia,2014,
Namibia,2015,
Namibia,2016,
Namibia,2017,6.32
Namibia,2018,
Namibia,2019,
Nepal,1989,
Nepal,1990,
Nepal,1991,
Nepal,1992,
Nepal,1993,
Nepal,1994,
Nepal,1995,
Nepal,1996,
Nepal,1997,
Nepal,1998,
Nepal,1999,
Nepal,2000,
Nepal,2001,
Nepal,2002,
Nepal,2003,
Nepal,2004,
Nepal,2005,
Nepal,2006,
Nepal,2007,0.437
Nepal,2008,
Nepal,2009,
Nepal,2010,
Nepal,2011,
Nepal,2012,
Nepal,2013,
Nepal,2014,
Nepal,2015,
Nepal,2016,1.5
Nepal,2017,
Nepal,2018,
Nepal,2019,
Netherlands,1989,
Netherlands,1990,
Netherlands,1991,1.63
Netherlands,1992,1.91
Netherlands,1993,2.33
Netherlands,1994,2.52
Netherlands,1995,2.17
Netherlands,1996,1.7
Netherlands,1997,1.37
Netherlands,1998,0.996
Netherlands,1999,
Netherlands,2000,
Netherlands,2001,0.517
Netherlands,2002,0.98
Netherlands,2003,1.45
Netherlands,2004,1.66
Netherlands,2005,1.36
Netherlands,2006,1.01
Netherlands,2007,0.826
Netherlands,2008,0.976
Netherlands,2009,1.22
Netherlands,2010,1.3
Netherlands,2011,1.58
Netherlands,2012,2.24
Netherlands,2013,2.41
Netherlands,2014,2.26
Netherlands,2015,1.82
Netherlands,2016,1.36
Netherlands,2017,1.06
Netherlands,2018,0.889
Netherlands,2019,0.847
New Caledonia,1989,
New Caledonia,1990,
New Caledonia,1991,
New Caledonia,1992,
New Caledonia,1993,
New Caledonia,1994,
New Caledonia,1995,
New Caledonia,1996,
New Caledonia,1997,
New Caledonia,1998,
New Caledonia,1999,
New Caledonia,2000,
New Caledonia,2001,
New Caledonia,2002,
New Caledonia,2003,
New Caledonia,2004,
New Caledonia,2005,
New Caledonia,2006,
New Caledonia,2007,
New Caledonia,2008,
New Caledonia,2009,
New Caledonia,2010,
New Caledonia,2011,
New Caledonia,2012,
New Caledonia,2013,7.23
New Caledonia,2014,
New Caledonia,2015,
New Caledonia,2016,
New Caledonia,2017,
New Caledonia,2018,
New Caledonia,2019,
New Zealand,1989,1.48
New Zealand,1990,2.99
New Zealand,1991,3.37
New Zealand,1992,3.11
New Zealand,1993,2.5
New Zealand,1994,1.58
New Zealand,1995,1.32
New Zealand,1996,1.44
New Zealand,1997,1.67
New Zealand,1998,1.58
New Zealand,1999,1.24
New Zealand,2000,0.95
New Zealand,2001,0.824
New Zealand,2002,0.66
New Zealand,2003,0.465
New Zealand,2004,0.439
New Zealand,2005,0.405
New Zealand,2006,0.304
New Zealand,2007,0.334
New Zealand,2008,0.749
New Zealand,2009,0.932
New Zealand,2010,1.03
New Zealand,2011,1.07
New Zealand,2012,0.842
New Zealand,2013,0.819
New Zealand,2014,0.829
New Zealand,2015,0.925
New Zealand,2016,0.926
New Zealand,2017,0.836
New Zealand,2018,0.732
New Zealand,2019,0.743
Nicaragua,1989,
Nicaragua,1990,
Nicaragua,1991,
Nicaragua,1992,
Nicaragua,1993,
Nicaragua,1994,
Nicaragua,1995,
Nicaragua,1996,
Nicaragua,1997,
Nicaragua,1998,
Nicaragua,1999,
Nicaragua,2000,0.0495
Nicaragua,2001,
Nicaragua,2002,
Nicaragua,2003,
Nicaragua,2004,0.674
Nicaragua,2005,
Nicaragua,2006,
Nicaragua,2007,
Nicaragua,2008,
Nicaragua,2009,
Nicaragua,2010,
Nicaragua,2011,0.399
Nicaragua,2012,
Nicaragua,2013,
Nicaragua,2014,
Nicaragua,2015,
Nicaragua,2016,
Nicaragua,2017,
Nicaragua,2018,
Nicaragua,2019,
North Macedonia,1989,
North Macedonia,1990,
North Macedonia,1991,
North Macedonia,1992,
North Macedonia,1993,
North Macedonia,1994,
North Macedonia,1995,
North Macedonia,1996,
North Macedonia,1997,
North Macedonia,1998,
North Macedonia,1999,
North Macedonia,2000,
North Macedonia,2001,
North Macedonia,2002,
North Macedonia,2003,
North Macedonia,2004,
North Macedonia,2005,16.8
North Macedonia,2006,16.8
North Macedonia,2007,16.5
North Macedonia,2008,15.6
North Macedonia,2009,15.9
North Macedonia,2010,15.7
North Macedonia,2011,15.5
North Macedonia,2012,14.3
North Macedonia,2013,13.9
North Macedonia,2014,13.3
North Macedonia,2015,12
North Macedonia,2016,10.7
North Macedonia,2017,9.76
North Macedonia,2018,7.57
North Macedonia,2019,8.95
Norway,1989,
Norway,1990,
Norway,1991,
Norway,1992,
Norway,1993,
Norway,1994,1.52
Norway,1995,0.926
Norway,1996,0.655
Norway,1997,0.484
Norway,1998,0.353
Norway,1999,0.453
Norway,2000,0.531
Norway,2001,0.628
Norway,2002,0.659
Norway,2003,0.908
Norway,2004,0.822
Norway,2005,0.763
Norway,2006,0.424
Norway,2007,0.375
Norway,2008,0.649
Norway,2009,0.917
Norway,2010,0.708
Norway,2011,0.716
Norway,2012,0.672
Norway,2013,0.741
Norway,2014,0.967
Norway,2015,1.26
Norway,2016,1.07
Norway,2017,0.907
Norway,2018,0.853
Norway,2019,0.925
Pakistan,1989,
Pakistan,1990,
Pakistan,1991,
Pakistan,1992,
Pakistan,1993,
Pakistan,1994,
Pakistan,1995,
Pakistan,1996,
Pakistan,1997,
Pakistan,1998,
Pakistan,1999,
Pakistan,2000,
Pakistan,2001,
Pakistan,2002,
Pakistan,2003,
Pakistan,2004,
Pakistan,2005,0.091
Pakistan,2006,0.0621
Pakistan,2007,0.07
Pakistan,2008,0.0821
Pakistan,2009,0.0751
Pakistan,2010,0.113
Pakistan,2011,
Pakistan,2012,0.588
Pakistan,2013,0.593
Pakistan,2014,1.02
Pakistan,2015,0.97
Pakistan,2016,
Pakistan,2017,0.56
Pakistan,2018,
Pakistan,2019,
Palestine,1989,
Palestine,1990,
Palestine,1991,
Palestine,1992,
Palestine,1993,
Palestine,1994,
Palestine,1995,
Palestine,1996,
Palestine,1997,
Palestine,1998,
Palestine,1999,1.21
Palestine,2000,4.69
Palestine,2001,7.53
Palestine,2002,5.77
Palestine,2003,5.42
Palestine,2004,4.64
Palestine,2005,4.02
Palestine,2006,3.66
Palestine,2007,5.22
Palestine,2008,4.59
Palestine,2009,5.08
Palestine,2010,2.9
Palestine,2011,3.17
Palestine,2012,3.22
Palestine,2013,3.8
Palestine,2014,3.7
Palestine,2015,3.16
Palestine,2016,3.39
Palestine,2017,3.73
Palestine,2018,4.12
Palestine,2019,3.93
Panama,1989,
Panama,1990,
Panama,1991,
Panama,1992,
Panama,1993,
Panama,1994,
Panama,1995,
Panama,1996,0.446
Panama,1997,
Panama,1998,
Panama,1999,
Panama,2000,
Panama,2001,
Panama,2002,0.936
Panama,2003,
Panama,2004,
Panama,2005,
Panama,2006,
Panama,2007,0.333
Panama,2008,0.589
Panama,2009,0.294
Panama,2010,0.195
Panama,2011,0.171
Panama,2012,
Panama,2013,0.0795
Panama,2014,0.267
Panama,2015,0.222
Panama,2016,0.238
Panama,2017,0.374
Panama,2018,0.575
Panama,2019,2.32
Paraguay,1989,
Paraguay,1990,
Paraguay,1991,
Paraguay,1992,
Paraguay,1993,
Paraguay,1994,
Paraguay,1995,
Paraguay,1996,
Paraguay,1997,0.578
Paraguay,1998,0.986
Paraguay,1999,
Paraguay,2000,0.691
Paraguay,2001,1.33
Paraguay,2002,1.29
Paraguay,2003,0.87
Paraguay,2004,0.564
Paraguay,2005,0.772
Paraguay,2006,0.806
Paraguay,2007,0.75
Paraguay,2008,1.28
Paraguay,2009,0.664
Paraguay,2010,0.709
Paraguay,2011,0.518
Paraguay,2012,0.615
Paraguay,2013,0.73
Paraguay,2014,0.805
Paraguay,2015,0.659
Paraguay,2016,0.518
Paraguay,2017,0.431
Paraguay,2018,0.274
Paraguay,2019,
Peru,1989,
Peru,1990,
Peru,1991,
Peru,1992,
Peru,1993,
Peru,1994,
Peru,1995,
Peru,1996,
Peru,1997,
Peru,1998,
Peru,1999,
Peru,2000,
Peru,2001,0.186
Peru,2002,0.0683
Peru,2003,0.0568
Peru,2004,0.076
Peru,2005,
Peru,2006,
Peru,2007,0.0759
Peru,2008,
Peru,2009,
Peru,2010,
Peru,2011,
Peru,2012,
Peru,2013,
Peru,2014,
Peru,2015,
Peru,2016,
Peru,2017,0.0241
Peru,2018,
Peru,2019,
Philippines,1989,
Philippines,1990,
Philippines,1991,
Philippines,1992,
Philippines,1993,
Philippines,1994,
Philippines,1995,
Philippines,1996,
Philippines,1997,
Philippines,1998,
Philippines,1999,
Philippines,2000,0.118
Philippines,2001,
Philippines,2002,0.0824
Philippines,2003,0.0893
Philippines,2004,0.0722
Philippines,2005,0.0723
Philippines,2006,0.0488
Philippines,2007,0.0489
Philippines,2008,0.0482
Philippines,2009,0.0315
Philippines,2010,0.0299
Philippines,2011,0.0301
Philippines,2012,0.0271
Philippines,2013,0.0204
Philippines,2014,0.0278
Philippines,2015,0.0157
Philippines,2016,0.0149
Philippines,2017,0.0135
Philippines,2018,0.0116
Philippines,2019,0.0177
Poland,1989,
Poland,1990,
Poland,1991,3.75
Poland,1992,3.78
Poland,1993,3.96
Poland,1994,3.55
Poland,1995,3.22
Poland,1996,3.08
Poland,1997,2.74
Poland,1998,3.33
Poland,1999,4.94
Poland,2000,6.01
Poland,2001,6.97
Poland,2002,7
Poland,2003,6.84
Poland,2004,6.33
Poland,2005,4.76
Poland,2006,3.12
Poland,2007,1.65
Poland,2008,1.93
Poland,2009,2.56
Poland,2010,2.67
Poland,2011,2.9
Poland,2012,3.11
Poland,2013,2.75
Poland,2014,2.2
Poland,2015,1.68
Poland,2016,1.26
Poland,2017,0.905
Poland,2018,0.605
Poland,2019,0.602
Portugal,1989,
Portugal,1990,
Portugal,1991,0.577
Portugal,1992,1.15
Portugal,1993,1.67
Portugal,1994,2.1
Portugal,1995,2.07
Portugal,1996,1.96
Portugal,1997,1.34
Portugal,1998,1.54
Portugal,1999,1.03
Portugal,2000,0.909
Portugal,2001,1.16
Portugal,2002,1.67
Portugal,2003,2.07
Portugal,2004,2.5
Portugal,2005,2.58
Portugal,2006,2.46
Portugal,2007,2.35
Portugal,2008,3.05
Portugal,2009,3.83
Portugal,2010,4.5
Portugal,2011,5.9
Portugal,2012,6.48
Portugal,2013,5.45
Portugal,2014,4.65
Portugal,2015,4.16
Portugal,2016,3.01
Portugal,2017,2.16
Portugal,2018,1.8
Portugal,2019,1.84
Qatar,1989,
Qatar,1990,
Qatar,1991,
Qatar,1992,
Qatar,1993,
Qatar,1994,
Qatar,1995,
Qatar,1996,
Qatar,1997,
Qatar,1998,
Qatar,1999,
Qatar,2000,
Qatar,2001,
Qatar,2002,
Qatar,2003,
Qatar,2004,
Qatar,2005,
Qatar,2006,
Qatar,2007,
Qatar,2008,0.123
Qatar,2009,
Qatar,2010,0.0888
Qatar,2011,0.066
Qatar,2012,0.0395
Qatar,2013,0.0312
Qatar,2014,0.0244
Qatar,2015,0.0257
Qatar,2016,0.0248
Qatar,2017,
Qatar,2018,0.025
Qatar,2019,0.0466
Romania,1989,
Romania,1990,
Romania,1991,
Romania,1992,
Romania,1993,
Romania,1994,
Romania,1995,
Romania,1996,2.01
Romania,1997,2.09
Romania,1998,2.6
Romania,1999,3.04
Romania,2000,2.61
Romania,2001,3.59
Romania,2002,3
Romania,2003,3.28
Romania,2004,2.88
Romania,2005,3.09
Romania,2006,2.49
Romania,2007,2.02
Romania,2008,2.19
Romania,2009,2.36
Romania,2010,2.38
Romania,2011,2.33
Romania,2012,2.52
Romania,2013,2.39
Romania,2014,2.57
Romania,2015,2.32
Romania,2016,1.88
Romania,2017,1.64
Romania,2018,1.4
Romania,2019,1.36
Russia,1989,
Russia,1990,
Russia,1991,0.597
Russia,1992,0.969
Russia,1993,1.71
Russia,1994,2.34
Russia,1995,2.79
Russia,1996,3.67
Russia,1997,4.16
Russia,1998,4.65
Russia,1999,3.67
Russia,2000,2.77
Russia,2001,2.48
Russia,2002,2.55
Russia,2003,2.45
Russia,2004,2.27
Russia,2005,2.47
Russia,2006,2.06
Russia,2007,1.85
Russia,2008,2.22
Russia,2009,2.28
Russia,2010,2.22
Russia,2011,1.72
Russia,2012,1.74
Russia,2013,1.6
Russia,2014,1.68
Russia,2015,1.74
Russia,2016,1.63
Russia,2017,1.44
Russia,2018,1.24
Russia,2019,1.36
Rwanda,1989,
Rwanda,1990,
Rwanda,1991,
Rwanda,1992,
Rwanda,1993,
Rwanda,1994,
Rwanda,1995,
Rwanda,1996,
Rwanda,1997,
Rwanda,1998,
Rwanda,1999,
Rwanda,2000,
Rwanda,2001,
Rwanda,2002,
Rwanda,2003,
Rwanda,2004,
Rwanda,2005,
Rwanda,2006,
Rwanda,2007,
Rwanda,2008,
Rwanda,2009,
Rwanda,2010,
Rwanda,2011,
Rwanda,2012,
Rwanda,2013,0.296
Rwanda,2014,
Rwanda,2015,
Rwanda,2016,1.41
Rwanda,2017,0.658
Rwanda,2018,0.813
Rwanda,2019,
Samoa,1989,
Samoa,1990,
Samoa,1991,
Samoa,1992,
Samoa,1993,
Samoa,1994,
Samoa,1995,
Samoa,1996,
Samoa,1997,
Samoa,1998,
Samoa,1999,
Samoa,2000,
Samoa,2001,
Samoa,2002,
Samoa,2003,
Samoa,2004,
Samoa,2005,
Samoa,2006,
Samoa,2007,
Samoa,2008,
Samoa,2009,
Samoa,2010,
Samoa,2011,0.642
Samoa,2012,
Samoa,2013,
Samoa,2014,
Samoa,2015,
Samoa,2016,
Samoa,2017,
Samoa,2018,
Samoa,2019,
Saudi Arabia,1989,
Saudi Arabia,1990,
Saudi Arabia,1991,
Saudi Arabia,1992,
Saudi Arabia,1993,
Saudi Arabia,1994,
Saudi Arabia,1995,
Saudi Arabia,1996,
Saudi Arabia,1997,
Saudi Arabia,1998,
Saudi Arabia,1999,
Saudi Arabia,2000,
Saudi Arabia,2001,
Saudi Arabia,2002,
Saudi Arabia,2003,
Saudi Arabia,2004,
Saudi Arabia,2005,
Saudi Arabia,2006,
Saudi Arabia,2007,
Saudi Arabia,2008,0.873
Saudi Arabia,2009,
Saudi Arabia,2010,1.4
Saudi Arabia,2011,0.963
Saudi Arabia,2012,0.769
Saudi Arabia,2013,
Saudi Arabia,2014,
Saudi Arabia,2015,0.813
Saudi Arabia,2016,
Saudi Arabia,2017,
Saudi Arabia,2018,
Saudi Arabia,2019,1.24
Senegal,1989,
Senegal,1990,
Senegal,1991,
Senegal,1992,
Senegal,1993,
Senegal,1994,
Senegal,1995,
Senegal,1996,
Senegal,1997,
Senegal,1998,
Senegal,1999,
Senegal,2000,
Senegal,2001,
Senegal,2002,
Senegal,2003,
Senegal,2004,
Senegal,2005,
Senegal,2006,
Senegal,2007,
Senegal,2008,
Senegal,2009,
Senegal,2010,
Senegal,2011,
Senegal,2012,
Senegal,2013,
Senegal,2014,0.454
Senegal,2015,0.399
Senegal,2016,0.221
Senegal,2017,
Senegal,2018,0.0577
Senegal,2019,
Serbia,1989,
Serbia,1990,
Serbia,1991,
Serbia,1992,
Serbia,1993,
Serbia,1994,
Serbia,1995,
Serbia,1996,
Serbia,1997,
Serbia,1998,
Serbia,1999,
Serbia,2000,
Serbia,2001,
Serbia,2002,
Serbia,2003,
Serbia,2004,
Serbia,2005,
Serbia,2006,
Serbia,2007,4.07
Serbia,2008,4.52
Serbia,2009,5.76
Serbia,2010,7.35
Serbia,2011,7.81
Serbia,2012,7.06
Serbia,2013,6.11
Serbia,2014,5.29
Serbia,2015,4.73
Serbia,2016,4.01
Serbia,2017,3.76
Serbia,2018,3.03
Serbia,2019,2.48
Sierra Leone,1989,
Sierra Leone,1990,
Sierra Leone,1991,
Sierra Leone,1992,
Sierra Leone,1993,
Sierra Leone,1994,
Sierra Leone,1995,
Sierra Leone,1996,
Sierra Leone,1997,
Sierra Leone,1998,
Sierra Leone,1999,
Sierra Leone,2000,
Sierra Leone,2001,
Sierra Leone,2002,
Sierra Leone,2003,
Sierra Leone,2004,
Sierra Leone,2005,
Sierra Leone,2006,
Sierra Leone,2007,
Sierra Leone,2008,
Sierra Leone,2009,
Sierra Leone,2010,
Sierra Leone,2011,
Sierra Leone,2012,
Sierra Leone,2013,0.789
Sierra Leone,2014,
Sierra Leone,2015,
Sierra Leone,2016,
Sierra Leone,2017,
Sierra Leone,2018,
Sierra Leone,2019,
Slovak Republic,1989,
Slovak Republic,1990,
Slovak Republic,1991,
Slovak Republic,1992,
Slovak Republic,1993,4.3
Slovak Republic,1994,4.43
Slovak Republic,1995,3.72
Slovak Republic,1996,3.69
Slovak Republic,1997,4.1
Slovak Republic,1998,5.44
Slovak Republic,1999,7.63
Slovak Republic,2000,8.27
Slovak Republic,2001,8.36
Slovak Republic,2002,7.72
Slovak Republic,2003,8.02
Slovak Republic,2004,7.26
Slovak Republic,2005,6.04
Slovak Republic,2006,4.78
Slovak Republic,2007,3.86
Slovak Republic,2008,4.56
Slovak Republic,2009,6.66
Slovak Republic,2010,6.51
Slovak Republic,2011,6.44
Slovak Republic,2012,6.84
Slovak Republic,2013,6.26
Slovak Republic,2014,4.59
Slovak Republic,2015,3.86
Slovak Republic,2016,3.6
Slovak Republic,2017,2.74
Slovak Republic,2018,2.38
Slovak Republic,2019,2.32
Slovenia,1989,
Slovenia,1990,
Slovenia,1991,
Slovenia,1992,
Slovenia,1993,
Slovenia,1994,
Slovenia,1995,2.65
Slovenia,1996,2.43
Slovenia,1997,2.74
Slovenia,1998,2.67
Slovenia,1999,2.8
Slovenia,2000,2.21
Slovenia,2001,2.38
Slovenia,2002,2.41
Slovenia,2003,2.14
Slovenia,2004,2.24
Slovenia,2005,1.86
Slovenia,2006,1.38
Slovenia,2007,1.28
Slovenia,2008,1.71
Slovenia,2009,2.77
Slovenia,2010,2.84
Slovenia,2011,2.95
Slovenia,2012,3.56
Slovenia,2013,3.37
Slovenia,2014,2.93
Slovenia,2015,2.74
Slovenia,2016,2.08
Slovenia,2017,1.51
Slovenia,2018,1.24
Slovenia,2019,1.25
South Africa,1989,
South Africa,1990,
South Africa,1991,
South Africa,1992,
South Africa,1993,
South Africa,1994,
South Africa,1995,
South Africa,1996,
South Africa,1997,
South Africa,1998,
South Africa,1999,
South Africa,2000,3.03
South Africa,2001,2.92
South Africa,2002,2.71
South Africa,2003,2.41
South Africa,2004,2.11
South Africa,2005,1.84
South Africa,2006,1.94
South Africa,2007,5.92
South Africa,2008,6.57
South Africa,2009,7.21
South Africa,2010,7.22
South Africa,2011,7.27
South Africa,2012,7.24
South Africa,2013,7.3
South Africa,2014,7.36
South Africa,2015,8.02
South Africa,2016,8.47
South Africa,2017,8.54
South Africa,2018,9.24
South Africa,2019,8.95
South Korea,1989,0.236
South Korea,1990,0.236
South Korea,1991,0.254
South Korea,1992,0.336
South Korea,1993,0.349
South Korea,1994,0.24
South Korea,1995,0.233
South Korea,1996,0.288
South Korea,1997,0.722
South Korea,1998,0.838
South Korea,1999,0.455
South Korea,2000,0.373
South Korea,2001,0.329
South Korea,2002,0.263
South Korea,2003,0.295
South Korea,2004,0.293
South Korea,2005,0.27
South Korea,2006,0.297
South Korea,2007,0.219
South Korea,2008,0.252
South Korea,2009,0.201
South Korea,2010,0.177
South Korea,2011,0.197
South Korea,2012,0.171
South Korea,2013,0.183
South Korea,2014,0.138
South Korea,2015,0.204
South Korea,2016,0.248
South Korea,2017,0.233
South Korea,2018,0.219
South Korea,2019,0.157
Spain,1989,
Spain,1990,
Spain,1991,3.93
Spain,1992,6
Spain,1993,6.93
Spain,1994,6.15
Spain,1995,6.03
Spain,1996,5.51
Spain,1997,4.6
Spain,1998,3.39
Spain,1999,2.87
Spain,2000,1.97
Spain,2001,2.1
Spain,2002,2.37
Spain,2003,2.25
Spain,2004,1.42
Spain,2005,1.16
Spain,2006,1.15
Spain,2007,1.71
Spain,2008,4.53
Spain,2009,6.32
Spain,2010,6.98
Spain,2011,8.49
Spain,2012,9.21
Spain,2013,8.51
Spain,2014,7.18
Spain,2015,5.87
Spain,2016,4.74
Spain,2017,3.95
Spain,2018,3.31
Spain,2019,3.51
Sri Lanka,1989,
Sri Lanka,1990,
Sri Lanka,1991,
Sri Lanka,1992,
Sri Lanka,1993,
Sri Lanka,1994,
Sri Lanka,1995,
Sri Lanka,1996,
Sri Lanka,1997,
Sri Lanka,1998,
Sri Lanka,1999,
Sri Lanka,2000,
Sri Lanka,2001,
Sri Lanka,2002,
Sri Lanka,2003,
Sri Lanka,2004,
Sri Lanka,2005,
Sri Lanka,2006,
Sri Lanka,2007,
Sri Lanka,2008,1.29
Sri Lanka,2009,1.18
Sri Lanka,2010,0.935
Sri Lanka,2011,0.989
Sri Lanka,2012,0.933
Sri Lanka,2013,0.914
Sri Lanka,2014,0.837
Sri Lanka,2015,0.882
Sri Lanka,2016,0.843
Sri Lanka,2017,0.756
Sri Lanka,2018,
Sri Lanka,2019,
Sudan,1989,
Sudan,1990,
Sudan,1991,
Sudan,1992,
Sudan,1993,
Sudan,1994,
Sudan,1995,
Sudan,1996,
Sudan,1997,
Sudan,1998,
Sudan,1999,
Sudan,2000,
Sudan,2001,
Sudan,2002,
Sudan,2003,
Sudan,2004,
Sudan,2005,
Sudan,2006,
Sudan,2007,
Sudan,2008,
Sudan,2009,
Sudan,2010,3.01
Sudan,2011,
Sudan,2012,
Sudan,2013,
Sudan,2014,
Sudan,2015,
Sudan,2016,
Sudan,2017,
Sudan,2018,
Sudan,2019,
Suriname,1989,
Suriname,1990,
Suriname,1991,
Suriname,1992,
Suriname,1993,
Suriname,1994,
Suriname,1995,
Suriname,1996,
Suriname,1997,
Suriname,1998,
Suriname,1999,
Suriname,2000,
Suriname,2001,
Suriname,2002,
Suriname,2003,
Suriname,2004,
Suriname,2005,
Suriname,2006,
Suriname,2007,
Suriname,2008,
Suriname,2009,
Suriname,2010,
Suriname,2011,
Suriname,2012,
Suriname,2013,
Suriname,2014,
Suriname,2015,0.979
Suriname,2016,
Suriname,2017,
Suriname,2018,
Suriname,2019,
Sweden,1989,0.226
Sweden,1990,0.483
Sweden,1991,1.18
Sweden,1992,2.35
Sweden,1993,2.93
Sweden,1994,2.31
Sweden,1995,3.19
Sweden,1996,3.1
Sweden,1997,3.09
Sweden,1998,2.12
Sweden,1999,1.49
Sweden,2000,1.02
Sweden,2001,1.16
Sweden,2002,1.25
Sweden,2003,1.62
Sweden,2004,0.345
Sweden,2005,0.919
Sweden,2006,1.07
Sweden,2007,0.992
Sweden,2008,1.67
Sweden,2009,1.96
Sweden,2010,1.73
Sweden,2011,1.79
Sweden,2012,1.76
Sweden,2013,1.73
Sweden,2014,1.63
Sweden,2015,1.55
Sweden,2016,1.51
Sweden,2017,1.39
Sweden,2018,1.27
Sweden,2019,1.48
Switzerland,1989,
Switzerland,1990,0.228
Switzerland,1991,0.553
Switzerland,1992,0.919
Switzerland,1993,1.06
Switzerland,1994,0.875
Switzerland,1995,1.02
Switzerland,1996,1.27
Switzerland,1997,1.03
Switzerland,1998,0.894
Switzerland,1999,0.636
Switzerland,2000,0.315
Switzerland,2001,0.613
Switzerland,2002,0.993
Switzerland,2003,1.18
Switzerland,2004,1.37
Switzerland,2005,1.09
Switzerland,2006,0.964
Switzerland,2007,0.715
Switzerland,2008,0.978
Switzerland,2009,1.46
Switzerland,2010,1.4
Switzerland,2011,1.27
Switzerland,2012,1.38
Switzerland,2013,1.61
Switzerland,2014,1.51
Switzerland,2015,1.59
Switzerland,2016,1.42
Switzerland,2017,1.42
Switzerland,2018,1.28
Switzerland,2019,1.49
Tajikistan,1989,
Tajikistan,1990,
Tajikistan,1991,
Tajikistan,1992,
Tajikistan,1993,
Tajikistan,1994,
Tajikistan,1995,
Tajikistan,1996,
Tajikistan,1997,
Tajikistan,1998,
Tajikistan,1999,
Tajikistan,2000,
Tajikistan,2001,
Tajikistan,2002,
Tajikistan,2003,
Tajikistan,2004,
Tajikistan,2005,
Tajikistan,2006,
Tajikistan,2007,
Tajikistan,2008,0.754
Tajikistan,2009,
Tajikistan,2010,
Tajikistan,2011,
Tajikistan,2012,
Tajikistan,2013,
Tajikistan,2014,
Tajikistan,2015,
Tajikistan,2016,
Tajikistan,2017,
Tajikistan,2018,
Tajikistan,2019,
Tanzania,1989,
Tanzania,1990,
Tanzania,1991,
Tanzania,1992,
Tanzania,1993,
Tanzania,1994,
Tanzania,1995,
Tanzania,1996,
Tanzania,1997,
Tanzania,1998,
Tanzania,1999,
Tanzania,2000,0.887
Tanzania,2001,
Tanzania,2002,
Tanzania,2003,
Tanzania,2004,
Tanzania,2005,0.745
Tanzania,2006,
Tanzania,2007,
Tanzania,2008,
Tanzania,2009,
Tanzania,2010,
Tanzania,2011,
Tanzania,2012,
Tanzania,2013,0.585
Tanzania,2014,
Tanzania,2015,
Tanzania,2016,
Tanzania,2017,
Tanzania,2018,
Tanzania,2019,
Thailand,1989,
Thailand,1990,
Thailand,1991,
Thailand,1992,
Thailand,1993,
Thailand,1994,
Thailand,1995,
Thailand,1996,
Thailand,1997,
Thailand,1998,
Thailand,1999,
Thailand,2000,
Thailand,2001,
Thailand,2002,
Thailand,2003,
Thailand,2004,
Thailand,2005,
Thailand,2006,
Thailand,2007,
Thailand,2008,0.138
Thailand,2009,0.0843
Thailand,2010,0.118
Thailand,2011,0.0887
Thailand,2012,0.0152
Thailand,2013,0.0668
Thailand,2014,0.0662
Thailand,2015,0.0738
Thailand,2016,0.111
Thailand,2017,0.0829
Thailand,2018,0.069
Thailand,2019,0.114
Togo,1989,
Togo,1990,
Togo,1991,
Togo,1992,
Togo,1993,
Togo,1994,
Togo,1995,
Togo,1996,
Togo,1997,
Togo,1998,
Togo,1999,
Togo,2000,
Togo,2001,
Togo,2002,
Togo,2003,
Togo,2004,
Togo,2005,
Togo,2006,
Togo,2007,
Togo,2008,
Togo,2009,
Togo,2010,
Togo,2011,
Togo,2012,
Togo,2013,
Togo,2014,
Togo,2015,
Togo,2016,0.894
Togo,2017,
Togo,2018,
Togo,2019,
Tonga,1989,
Tonga,1990,
Tonga,1991,
Tonga,1992,
Tonga,1993,
Tonga,1994,
Tonga,1995,
Tonga,1996,
Tonga,1997,
Tonga,1998,
Tonga,1999,
Tonga,2000,
Tonga,2001,
Tonga,2002,
Tonga,2003,
Tonga,2004,
Tonga,2005,
Tonga,2006,
Tonga,2007,
Tonga,2008,
Tonga,2009,
Tonga,2010,
Tonga,2011,
Tonga,2012,
Tonga,2013,
Tonga,2014,
Tonga,2015,
Tonga,2016,
Tonga,2017,0.0698
Tonga,2018,
Tonga,2019,
Tunisia,1989,
Tunisia,1990,
Tunisia,1991,
Tunisia,1992,
Tunisia,1993,
Tunisia,1994,
Tunisia,1995,
Tunisia,1996,
Tunisia,1997,
Tunisia,1998,
Tunisia,1999,
Tunisia,2000,
Tunisia,2001,
Tunisia,2002,
Tunisia,2003,
Tunisia,2004,
Tunisia,2005,
Tunisia,2006,
Tunisia,2007,
Tunisia,2008,
Tunisia,2009,
Tunisia,2010,
Tunisia,2011,5.31
Tunisia,2012,4.62
Tunisia,2013,
Tunisia,2014,4.45
Tunisia,2015,4.29
Tunisia,2016,4.16
Tunisia,2017,
Tunisia,2018,
Tunisia,2019,
Turkey,1989,2.8
Turkey,1990,2.84
Turkey,1991,3.07
Turkey,1992,3.13
Turkey,1993,3.1
Turkey,1994,2.34
Turkey,1995,2.39
Turkey,1996,2.06
Turkey,1997,2.16
Turkey,1998,1.95
Turkey,1999,1.14
Turkey,2000,1.46
Turkey,2001,2.39
Turkey,2002,1.98
Turkey,2003,2.9
Turkey,2004,2.76
Turkey,2005,1.75
Turkey,2006,1.65
Turkey,2007,1.71
Turkey,2008,2.41
Turkey,2009,2.02
Turkey,2010,1.48
Turkey,2011,1.27
Turkey,2012,1.3
Turkey,2013,1.4
Turkey,2014,1.5
Turkey,2015,1.54
Turkey,2016,1.58
Turkey,2017,1.58
Turkey,2018,2.26
Turkey,2019,2.43
Uganda,1989,
Uganda,1990,
Uganda,1991,
Uganda,1992,
Uganda,1993,
Uganda,1994,
Uganda,1995,
Uganda,1996,
Uganda,1997,
Uganda,1998,
Uganda,1999,
Uganda,2000,
Uganda,2001,
Uganda,2002,
Uganda,2003,
Uganda,2004,
Uganda,2005,
Uganda,2006,
Uganda,2007,
Uganda,2008,
Uganda,2009,
Uganda,2010,
Uganda,2011,0.558
Uganda,2012,
Uganda,2013,
Uganda,2014,
Uganda,2015,
Uganda,2016,
Uganda,2017,
Uganda,2018,
Uganda,2019,
Ukraine,1989,
Ukraine,1990,
Ukraine,1991,
Ukraine,1992,
Ukraine,1993,
Ukraine,1994,
Ukraine,1995,
Ukraine,1996,
Ukraine,1997,
Ukraine,1998,
Ukraine,1999,
Ukraine,2000,
Ukraine,2001,
Ukraine,2002,
Ukraine,2003,
Ukraine,2004,
Ukraine,2005,
Ukraine,2006,
Ukraine,2007,
Ukraine,2008,1.79
Ukraine,2009,2.05
Ukraine,2010,1.6
Ukraine,2011,1.65
Ukraine,2012,1.57
Ukraine,2013,1.52
Ukraine,2014,1.88
Ukraine,2015,1.83
Ukraine,2016,2.15
Ukraine,2017,1.61
Ukraine,2018,1.12
Ukraine,2019,1.58
United Arab Emirates,1989,
United Arab Emirates,1990,
United Arab Emirates,1991,
United Arab Emirates,1992,
United Arab Emirates,1993,
United Arab Emirates,1994,
United Arab Emirates,1995,
United Arab Emirates,1996,
United Arab Emirates,1997,
United Arab Emirates,1998,
United Arab Emirates,1999,
United Arab Emirates,2000,
United Arab Emirates,2001,
United Arab Emirates,2002,
United Arab Emirates,2003,
United Arab Emirates,2004,
United Arab Emirates,2005,
United Arab Emirates,2006,
United Arab Emirates,2007,
United Arab Emirates,2008,
United Arab Emirates,2009,
United Arab Emirates,2010,
United Arab Emirates,2011,
United Arab Emirates,2012,
United Arab Emirates,2013,
United Arab Emirates,2014,
United Arab Emirates,2015,
United Arab Emirates,2016,0.63
United Arab Emirates,2017,
United Arab Emirates,2018,0.595
United Arab Emirates,2019,
United Kingdom,1989,
United Kingdom,1990,
United Kingdom,1991,4.13
United Kingdom,1992,4.72
United Kingdom,1993,4.44
United Kingdom,1994,3.79
United Kingdom,1995,3.48
United Kingdom,1996,2.75
United Kingdom,1997,2.06
United Kingdom,1998,1.86
United Kingdom,1999,1.62
United Kingdom,2000,1.37
United Kingdom,2001,1.34
United Kingdom,2002,1.22
United Kingdom,2003,1.16
United Kingdom,2004,1.19
United Kingdom,2005,1.41
United Kingdom,2006,1.38
United Kingdom,2007,1.49
United Kingdom,2008,2.22
United Kingdom,2009,2.67
United Kingdom,2010,2.61
United Kingdom,2011,2.56
United Kingdom,2012,2.42
United Kingdom,2013,1.93
United Kingdom,2014,1.46
United Kingdom,2015,1.22
United Kingdom,2016,1.09
United Kingdom,2017,0.985
United Kingdom,2018,0.921
United Kingdom,2019,
United States,1989,0.384
United States,1990,0.592
United States,1991,0.997
United States,1992,0.893
United States,1993,0.876
United States,1994,0.663
United States,1995,0.634
United States,1996,0.527
United States,1997,0.428
United States,1998,0.355
United States,1999,0.317
United States,2000,0.394
United States,2001,0.732
United States,2002,0.915
United States,2003,0.812
United States,2004,0.668
United States,2005,0.568
United States,2006,0.56
United States,2007,0.801
United States,2008,2.02
United States,2009,2.73
United States,2010,2.38
United States,2011,1.97
United States,2012,1.68
United States,2013,1.25
United States,2014,0.944
United States,2015,0.798
United States,2016,0.663
United States,2017,0.538
United States,2018,0.511
United States,2019,0.837
Uruguay,1989,
Uruguay,1990,
Uruguay,1991,
Uruguay,1992,
Uruguay,1993,
Uruguay,1994,
Uruguay,1995,
Uruguay,1996,
Uruguay,1997,
Uruguay,1998,
Uruguay,1999,
Uruguay,2000,
Uruguay,2001,
Uruguay,2002,
Uruguay,2003,
Uruguay,2004,
Uruguay,2005,0.524
Uruguay,2006,0.288
Uruguay,2007,0.171
Uruguay,2008,0.163
Uruguay,2009,0.132
Uruguay,2010,0.0851
Uruguay,2011,0.0844
Uruguay,2012,0.0792
Uruguay,2013,0.0848
Uruguay,2014,0.163
Uruguay,2015,0.147
Uruguay,2016,0.115
Uruguay,2017,0.175
Uruguay,2018,0.158
Uruguay,2019,0.265
Vanuatu,1989,
Vanuatu,1990,
Vanuatu,1991,
Vanuatu,1992,
Vanuatu,1993,
Vanuatu,1994,
Vanuatu,1995,
Vanuatu,1996,
Vanuatu,1997,
Vanuatu,1998,
Vanuatu,1999,
Vanuatu,2000,
Vanuatu,2001,
Vanuatu,2002,
Vanuatu,2003,
Vanuatu,2004,
Vanuatu,2005,0.35
Vanuatu,2006,
Vanuatu,2007,
Vanuatu,2008,
Vanuatu,2009,
Vanuatu,2010,
Vanuatu,2011,
Vanuatu,2012,
Vanuatu,2013,
Vanuatu,2014,
Vanuatu,2015,
Vanuatu,2016,
Vanuatu,2017,
Vanuatu,2018,
Vanuatu,2019,
Venezuela,1989,
Venezuela,1990,
Venezuela,1991,
Venezuela,1992,
Venezuela,1993,
Venezuela,1994,
Venezuela,1995,
Venezuela,1996,
Venezuela,1997,
Venezuela,1998,
Venezuela,1999,
Venezuela,2000,
Venezuela,2001,
Venezuela,2002,
Venezuela,2003,
Venezuela,2004,1.24
Venezuela,2005,1.26
Venezuela,2006,0.751
Venezuela,2007,0.66
Venezuela,2008,0.667
Venezuela,2009,0.807
Venezuela,2010,0.777
Venezuela,2011,0.685
Venezuela,2012,
Venezuela,2013,
Venezuela,2014,
Venezuela,2015,0.684
Venezuela,2016,0.614
Venezuela,2017,
Venezuela,2018,
Venezuela,2019,
Vietnam,1989,
Vietnam,1990,
Vietnam,1991,
Vietnam,1992,
Vietnam,1993,
Vietnam,1994,
Vietnam,1995,
Vietnam,1996,
Vietnam,1997,
Vietnam,1998,
Vietnam,1999,
Vietnam,2000,
Vietnam,2001,
Vietnam,2002,
Vietnam,2003,
Vietnam,2004,
Vietnam,2005,
Vietnam,2006,
Vietnam,2007,
Vietnam,2008,
Vietnam,2009,
Vietnam,2010,0.266
Vietnam,2011,0.241
Vietnam,2012,0.199
Vietnam,2013,0.35
Vietnam,2014,
Vietnam,2015,
Vietnam,2016,
Vietnam,2017,
Vietnam,2018,0.33
Vietnam,2019,0.248
Yemen,1989,
Yemen,1990,
Yemen,1991,
Yemen,1992,
Yemen,1993,
Yemen,1994,
Yemen,1995,
Yemen,1996,
Yemen,1997,
Yemen,1998,
Yemen,1999,
Yemen,2000,
Yemen,2001,
Yemen,2002,
Yemen,2003,
Yemen,2004,
Yemen,2005,
Yemen,2006,
Yemen,2007,
Yemen,2008,
Yemen,2009,1.46
Yemen,2010,
Yemen,2011,
Yemen,2012,
Yemen,2013,0.99
Yemen,2014,
Yemen,2015,
Yemen,2016,
Yemen,2017,
Yemen,2018,
Yemen,2019,
Zambia,1989,
Zambia,1990,
Zambia,1991,
Zambia,1992,
Zambia,1993,
Zambia,1994,
Zambia,1995,
Zambia,1996,
Zambia,1997,
Zambia,1998,
Zambia,1999,
Zambia,2000,
Zambia,2001,
Zambia,2002,
Zambia,2003,
Zambia,2004,
Zambia,2005,
Zambia,2006,
Zambia,2007,
Zambia,2008,
Zambia,2009,
Zambia,2010,
Zambia,2011,
Zambia,2012,
Zambia,2013,
Zambia,2014,
Zambia,2015,
Zambia,2016,1.57
Zambia,2017,1.78
Zambia,2018,2.16
Zambia,2019,
Zimbabwe,1989,
Zimbabwe,1990,
Zimbabwe,1991,
Zimbabwe,1992,
Zimbabwe,1993,
Zimbabwe,1994,
Zimbabwe,1995,
Zimbabwe,1996,
Zimbabwe,1997,
Zimbabwe,1998,
Zimbabwe,1999,
Zimbabwe,2000,
Zimbabwe,2001,
Zimbabwe,2002,
Zimbabwe,2003,
Zimbabwe,2004,
Zimbabwe,2005,
Zimbabwe,2006,
Zimbabwe,2007,
Zimbabwe,2008,
Zimbabwe,2009,
Zimbabwe,2010,
Zimbabwe,2011,
Zimbabwe,2012,
Zimbabwe,2013,1.46
Zimbabwe,2014,
Zimbabwe,2015,
Zimbabwe,2016,
Zimbabwe,2017,
Zimbabwe,2018,2.64
Zimbabwe,2019,
